idata_file,max_rhat,cache_version
../models/transition_prob_duration_10000samples/hddm_vatz_vatz_combined.nc,1.49,3
../models/transition_prob_duration_10000samples/hddm_vat_vatz_combined.nc,1.07,3
../models/transition_prob_duration_10000samples/hddm_vat_vat_combined.nc,1.32,3
../models/transition_prob_duration_10000samples/hddm_va_vat_combined.nc,1.01,3
../models/transition_prob_duration_10000samples/hddm_va_vatz_combined.nc,1.01,3
../models/transition_prob_duration_10000samples/hddm_vaz_vatz_combined.nc,1.55,3
../models/transition_prob_duration_10000samples/hddm_va_vaz_combined.nc,1.04,3
../models/transition_prob_duration_10000samples/hddm_a_vatz_combined.nc,1.04,3
../models/transition_prob_duration_10000samples/hddm_v_vtz_combined.nc,1.09,3
../models/transition_prob_duration_10000samples/hddm_a_vaz_combined.nc,1.03,3
../models/transition_prob_duration_10000samples/hddm_vaz_vaz_combined.nc,1.85,3
../models/transition_prob_duration_10000samples/hddm_va_va_combined.nc,1.04,3
../models/transition_prob_duration_10000samples/hddm_v_vat_combined.nc,1.05,3
../models/transition_prob_duration_10000samples/hddm_v_va_combined.nc,1.0,3
../models/transition_prob_duration_10000samples/hddm_a_vat_combined.nc,1.02,3
../models/transition_prob_duration_10000samples/hddm_a_va_combined.nc,1.01,3
../models/transition_prob_duration_10000samples/hddm_v_vaz_combined.nc,1.05,3
../models/transition_prob_duration_10000samples/hddm_v_vatz_combined.nc,1.03,3
../models/transition_prob_duration_10000samples/hddm_v_vt_combined.nc,1.0,3
../models/transition_prob_duration_10000samples/hddm_a_atz_combined.nc,1.02,3
../models/transition_prob_duration_10000samples/hddm_v_vz_combined.nc,1.17,3
../models/transition_prob_duration_10000samples/hddm_a_at_combined.nc,1.01,3
../models/transition_prob_duration_10000samples/hddm_v_v_combined.nc,1.18,3
../models/transition_prob_duration_10000samples/hddm_a_az_combined.nc,1.32,3
../models/transition_prob_duration_10000samples/hddm_a_a_combined.nc,1.38,3
