subject,global_modularity_auc,lesion_net_Cont_global_modularity_auc,lesion_net_Default_global_modularity_auc,lesion_net_DorsAttn_global_modularity_auc,lesion_net_SalVentAttn_global_modularity_auc,lesion_net_SomMot_global_modularity_auc,lesion_net_Vis_global_modularity_auc,net_Cont_participation_coefficient_auc,net_Default_participation_coefficient_auc,net_DorsAttn_participation_coefficient_auc,net_SalVentAttn_participation_coefficient_auc,net_SomMot_participation_coefficient_auc,net_Vis_participation_coefficient_auc,rt_duration_diff__long-short,rt_transition_diff__flexibility_stability
sub-001,0.1293925778012633,0.129518054769605,0.127555168895314,0.1159162808693045,0.1293646073126691,0.1279874206908909,0.1334800732940751,0.1175018440830422,0.0956908287304504,0.1478731989257211,0.1205610417504113,0.0955517660611564,0.1167333541407374,90.89705882352942,282.9472027972028
sub-002,0.1260736365592106,0.1295495002151626,0.1247644387147153,0.1206932977431547,0.1248955728469252,0.1321508426816339,0.1257982251428098,0.1123146672739554,0.0652435807360334,0.1292638439248318,0.1054132505110996,0.0896311611910007,0.077236084996537,178.75406698564595,135.92857142857142
sub-003,0.1322010759052373,0.1277384547535627,0.1303353797990818,0.1323382733764608,0.1247441764757642,0.1151251149049732,0.1313804805974993,0.0831359144674595,0.0722538990467771,0.1205613808893637,0.1081471388103043,0.0971098761954675,0.0832012044184049,146.1052631578947,293.2229064039409
sub-004,0.1355070254551419,0.1305069645719476,0.1323151514563067,0.1305620108819919,0.1363786541906548,0.133578489735619,0.1360389980671968,0.0919124289461651,0.0628626713818292,0.1272818198176304,0.1157204955351278,0.093145986975354,0.0789548476525704,-4.442307692307679,160.02969951083156
sub-005,0.1295980917217657,0.1243783156166066,0.1277767733720214,0.1296264259475469,0.131587508940478,0.1318173951780983,0.1266757937241118,0.114296111322955,0.093701782503172,0.1295771159414013,0.1102553048491166,0.0965275656018318,0.0844845038123076,13.234449760765557,260.5671451355662
sub-006,0.1139095451563088,0.1078001346823848,0.1144759960030889,0.1192292718630292,0.1140634277329514,0.1213682736855803,0.1086440016811131,0.1251823647077648,0.0984650742607506,0.1558176525677706,0.1221172193416031,0.108529175568962,0.0703631833118,102.26374207188161,120.62499999999997
sub-007,0.1340428766318349,0.1330596509836595,0.1337716074598625,0.1334951691641173,0.1326514892739305,0.1331382486094095,0.1294196751219463,0.0990245709474632,0.0935247803217529,0.131502067680769,0.1221897909901149,0.0757708670160521,0.074415549171734,108.60098522167485,46.23091133004928
sub-008,0.121690870618569,0.1196653789122801,0.1227979300352638,0.1178111135076298,0.1303432159339607,0.1320166297240399,0.1173735950066478,0.0949468692408291,0.0759292770071208,0.1322555319008193,0.0926733291437653,0.0922045690545789,0.0783065595490898,5.298245614035068,372.3278890600925
sub-009,0.1346065039690614,0.135226485049637,0.1365325048919844,0.1223465376701408,0.1225820207307231,0.1318637361227648,0.1307335990417506,0.0774418576214894,0.0871877109433801,0.136104090739111,0.1357827571363002,0.1137331895970723,0.0895081483666325,60.66071428571428,196.68165024630545
sub-010,0.1241261924920391,0.11809839410862,0.1262645044935041,0.1246592823275533,0.1317679516171689,0.1273333480325342,0.1070624956296918,0.0735386959130923,0.0800762144737452,0.1257381835161571,0.0902457055877774,0.1103276652570176,0.0964779851853955,161.56638714185883,156.6625874125874
sub-011,0.1475177444835223,0.1459719986018683,0.1469284108787886,0.1219283347420275,0.1312959030989754,0.1324880618903967,0.1389211539131862,0.0977611962515251,0.0724161120932228,0.151920527950719,0.1095838693737751,0.1256085342565955,0.1198654502459911,15.251097178683395,-106.32738095238095
sub-012,0.1404772771427652,0.1378363629958517,0.1419505978237845,0.1263267136293155,0.1270428850081602,0.1421439411595345,0.1254244603974255,0.1181071113665462,0.0897688967687416,0.1461543145242062,0.1302052450588147,0.102592265609452,0.0934199697647883,37.301659125188564,58.28413424866514
sub-013,0.1434726558857889,0.1414013265238303,0.1459747107490042,0.133090108685977,0.1362663822238949,0.1420252439490686,0.1332514524637541,0.109988128078733,0.0630885149558822,0.1488724546994713,0.108330179507713,0.09142397521853,0.0862531634060644,43.031942633637556,108.3820662768031
sub-014,0.1188441199615205,0.1171499932607994,0.1183658351181365,0.1218417237589829,0.1317059805549468,0.1269805970765759,0.1262002829021664,0.1056315120686004,0.0778781580530835,0.1367826996186841,0.1115200694386576,0.0837074289995568,0.0709842989689716,94.88336192109777,191.39010989010987
sub-015,0.1412327142680101,0.1455141627285268,0.1438225873827268,0.1463430214535471,0.1281610579700949,0.1402999166035789,0.1277970191342802,0.0909325699424048,0.0704167682009615,0.1286701485035701,0.1129935775548578,0.0790269142051607,0.0899579192637549,67.32270657124269,281.4324675324675
sub-016,0.1264668493223129,0.1255791950487065,0.127446691165905,0.126540387028201,0.1283468118377043,0.1254367533432103,0.1121534214349823,0.0872476247558542,0.0504065014361067,0.1240105229790333,0.1168241655056647,0.0837186546094097,0.080131983251377,-9.149999999999977,69.73959183673469
sub-017,0.11603831467667,0.1193746413078304,0.1213360677702933,0.1232951404585808,0.1213796968870367,0.12131952806602,0.1207358636452628,0.1111644190043465,0.0850166823739959,0.1297384815072629,0.105611468948327,0.0808296381146403,0.0672834865744957,-91.39231966787753,281.13803840166065
sub-018,0.125421085355157,0.1238422662927512,0.1270341542231496,0.1188223020824214,0.1141230118419505,0.1247491080913182,0.1303456075193634,0.1163551055668763,0.0721810091618682,0.1372818917215236,0.1284936862216654,0.1070036150826544,0.0817562323435222,112.5345238095238,83.52274754683317
sub-019,0.1316083222780341,0.1263279406404388,0.1323247163876347,0.1134251645311306,0.1285591988486088,0.1310099235368214,0.1324153155482081,0.1129776239936817,0.0687527789521319,0.1458596370204452,0.1109435891300452,0.1050341380404737,0.0775451827167356,22.644019138755993,114.01785714285714
sub-020,0.1368577811944499,0.1400200807169329,0.1395162083196005,0.132489081144875,0.1310073211115289,0.1321379890452014,0.1239928015154237,0.1210320450308822,0.0998277698522399,0.1444222389016189,0.1214342607260945,0.0948983336263342,0.1009280962690353,-18.159958720330224,20.910806174957145
sub-021,0.1357978529068248,0.1326528573149504,0.1388879032399386,0.131170677789799,0.1278350544571465,0.1318056528450158,0.1339213265742053,0.0982574300963857,0.0725721360700169,0.1213153426870984,0.1231304709316954,0.0904581072186851,0.0918501040378803,38.10056390977445,216.79811912225705
sub-022,0.1167072137547542,0.10154551685304,0.1106995408312597,0.1075501380477476,0.1255994534412137,0.1258334803123171,0.1344078438335295,0.113980661058321,0.0863961620178445,0.1443661676504271,0.1000608472243048,0.0903775418574056,0.1038710646960096,72.30084745762713,108.31694915254238
sub-023,0.1289094711721598,0.1209822447019556,0.1289767290021753,0.122395942505497,0.1241714891146969,0.121161793800512,0.1332949731559542,0.0912343435734276,0.0693727337584166,0.1334686543249186,0.1105717828470128,0.0966702194778739,0.0552752943730428,147.2058823529412,-59.946428571428555
sub-024,0.1323668199760896,0.1404682601522099,0.1367408478279043,0.1372651144249289,0.1194011566018679,0.1245933497739883,0.1266903318388477,0.0841388756051509,0.0683445553759997,0.1148774799991507,0.1233821914966394,0.1003039213180854,0.0826948424060126,87.62879205736346,65.97171945701353
sub-025,0.1350828860590367,0.1221287660565054,0.1325489166633961,0.129052139526107,0.1304664739398697,0.1269763331766094,0.1243533953261125,0.1078155023940464,0.0857719088819118,0.1363796644776468,0.1426435685289631,0.0871732693915787,0.0607723317512419,63.52935835351087,243.3021778584392
sub-026,0.1271796244953746,0.1251098116551889,0.1273231217445992,0.1258328689845972,0.132362751287888,0.1283796429480777,0.1086326851834991,0.088549535819255,0.0935651577146787,0.1281845991612751,0.0829131283964184,0.110517606070129,0.0854095131771952,108.65681818181818,-25.88711776187378
sub-027,0.1359453174358089,0.132509056371558,0.1359200401674344,0.1177609022356071,0.1294951752927091,0.1374540203041814,0.1386871912150376,0.1051446107741002,0.0917900613469168,0.1420657968369731,0.1143739247301503,0.1064526014174363,0.0891650922340876,24.508417508417494,261.0182555780933
sub-028,0.1182047121035243,0.1266101377412645,0.1179735795402303,0.1273643668766015,0.1308079744792192,0.1244085259219482,0.1137201413465586,0.1123287350901285,0.0967563155802899,0.143420002191196,0.1087600244590012,0.1210066332070595,0.1187358886088978,213.08293460925034,-159.14471243042675
sub-029,0.1365428371486148,0.1425065255185935,0.141585174112018,0.1341641586338191,0.1283215693044386,0.1405824696235877,0.1312929658911346,0.0862411108232834,0.0709688338533558,0.135799355353407,0.1234965734107647,0.0882911144060576,0.0766455895540604,146.8109195402299,141.18218390804597
sub-030,0.1347286289132384,0.1325889162416341,0.1348798673039251,0.1338896300128247,0.1266209139607852,0.1274877829979094,0.1206346866206082,0.1059606214331313,0.0866587047108369,0.1494999985256465,0.1234235001380143,0.1264481513262008,0.1062085703223029,69.80225193525683,126.17924528301887
sub-031,0.126133512103412,0.1194863827892316,0.1227879424687635,0.1053318788279583,0.1177056253943508,0.1143301130922744,0.1326294731972417,0.1022407082303827,0.0542034921562823,0.1080179739901468,0.1196117666299614,0.1097821285979891,0.051658476528575,-19.110849056603797,456.2754208754209
sub-032,0.1234404220671683,0.1215696516352565,0.1250752876221052,0.0991953507524119,0.1217724705270822,0.1191550163003561,0.1312942837675638,0.0948213400539402,0.0720219731633982,0.1389227356426097,0.1016277226430442,0.1231881633585612,0.0692196178801874,54.32931034482755,241.33898305084745
sub-033,0.1383781483451798,0.1353840310708478,0.1361867544630786,0.1273923712649171,0.1303740956201899,0.1398984709185464,0.1321090195353577,0.0946577562746634,0.0826268208124837,0.1146564233410991,0.1150416828499075,0.1068945776797699,0.0949030967036042,54.10049220672684,195.88480392156862
sub-034,0.1391152443397909,0.133032631738713,0.1378616339791641,0.1314868805323433,0.1293596535505202,0.1409285943159329,0.1278106062818513,0.1263622334201045,0.0955051788569853,0.146028536386875,0.1193633147449912,0.0889991818249681,0.0951983297490163,-68.31471698113205,114.50038138825323
sub-035,0.1306927200880167,0.1310507207116288,0.1303929065432386,0.1272780407072367,0.1224786152977494,0.124465888353481,0.1239605266087583,0.118375215025866,0.0978330873857091,0.1377949895734259,0.1076855410343745,0.1242126489871044,0.0721442864104125,34.0548219287715,67.22569027611044
sub-036,0.1353067681824868,0.1339723069241252,0.1335958052026399,0.126164991720772,0.1248007960815167,0.132620347536466,0.1296119324305654,0.1206927113907144,0.0833163861206045,0.1569641837315802,0.1157118040270852,0.1088404434035114,0.0793489104169674,131.56386198547216,141.3221415607985
sub-037,0.1366092379546929,0.1282024155600658,0.1362755111212108,0.1291521195783913,0.1335817376712639,0.1398686398877905,0.1234711046846892,0.0769142973067111,0.0944689887811788,0.1292548539227075,0.109072771609835,0.0992376382437869,0.1072349450684762,139.81038647342996,341.3202380952381
sub-038,0.1395644946724866,0.1314402550085645,0.1363958397934353,0.1404279713967821,0.1324390386951925,0.1332859489590696,0.1281669841692039,0.1042410613501672,0.0798899871407881,0.1405848593533177,0.1055492245598384,0.095992757762691,0.0795884957288554,32.12711864406779,101.29561403508772
sub-039,0.1442555713647799,0.1382507907478063,0.1455671124531194,0.1464013401042524,0.1293918488216418,0.1319352097387989,0.1333190429259923,0.0854524022480898,0.0646121683805542,0.1410623078991944,0.1149318386982167,0.0994791695579149,0.0639214961840993,23.289483065953647,-33.01711229946525
sub-040,0.124471085076008,0.1166338031036792,0.1245412321068262,0.1172337793471937,0.1182788614800431,0.1154528764710361,0.1196057463591803,0.1084455915388322,0.0496618852983226,0.1261037907642629,0.1042329528940492,0.0664178286366771,0.0512487822440866,88.28899521531102,132.6602870813397
sub-041,0.1430436374058868,0.1405074850080464,0.1451599794078149,0.1253129927093371,0.1291460953754571,0.1329933307537729,0.1411894525643141,0.1013494528563129,0.0748005631081857,0.1311462286149857,0.1247787422482156,0.1085143020335696,0.0648446171938283,114.19251336898392,-28.600071607590394
sub-042,0.1245539317711566,0.1203079617105605,0.1278580383107709,0.1095488274767627,0.1319471151214896,0.1245499534711958,0.1321814159203702,0.122178033154409,0.1051611970118889,0.1385022873731768,0.1163393820823962,0.0902988492531601,0.0701784757186953,19.76322604513507,166.20199778024417
sub-043,0.1286191978387461,0.1310394148390168,0.1327904726655214,0.1215117610989111,0.1271882993593103,0.1320465143489243,0.1343195426156045,0.118758972871983,0.1111219430153307,0.1483193679612643,0.1292245023261709,0.1202478493423643,0.0900317294885485,112.8378136200717,421.41379310344826
