subject,probability,long_short,transition
sub-001,diff,Long,flexibility
sub-001,diff,Long,stability
sub-001,same,Long,flexibility
sub-001,same,Long,stability
sub-001,diff,Short,flexibility
sub-001,diff,Short,stability
sub-001,same,Short,flexibility
sub-001,same,Short,stability
sub-002,diff,Long,flexibility
sub-002,diff,Long,stability
sub-002,same,Long,flexibility
sub-002,same,Long,stability
sub-002,diff,Short,flexibility
sub-002,diff,Short,stability
sub-002,same,Short,flexibility
sub-002,same,Short,stability
sub-003,diff,Long,flexibility
sub-003,diff,Long,stability
sub-003,same,Long,flexibility
sub-003,same,Long,stability
sub-003,diff,Short,flexibility
sub-003,diff,Short,stability
sub-003,same,Short,flexibility
sub-003,same,Short,stability
