long_short,probability,transition
Long,diff,flexibility
Long,diff,stability
Long,same,flexibility
Long,same,stability
Short,diff,flexibility
Short,diff,stability
Short,same,flexibility
Short,same,stability
Long,diff,flexibility
Long,diff,stability
Long,same,flexibility
Long,same,stability
Short,diff,flexibility
Short,diff,stability
Short,same,flexibility
Short,same,stability
Long,diff,flexibility
Long,diff,stability
Long,same,flexibility
Long,same,stability
Short,diff,flexibility
Short,diff,stability
Short,same,flexibility
Short,same,stability
