model_name,dic,loo,waic,metric_file,idata_file,max_rhat,rhat_has_gt_1_01,rhat_converged,rank_dic,rank_loo,rank_waic,combined_rank
hddm_vatz_vatz,2682.686025,2686.540575,2685.769665,d:\文件同步\文件\数据分析结果\Salience_Network_Gates_Adaptive_Control_Data_Code_Figure\hddm_analysis\models\transition_prob_duration_10000samples\hddm_vatz_vatz_dic_loo_waic.csv,d:\文件同步\文件\数据分析结果\Salience_Network_Gates_Adaptive_Control_Data_Code_Figure\hddm_analysis\models\transition_prob_duration_10000samples\hddm_vatz_vatz_combined.nc,1.49,True,False,1.0,1.0,1.0,1.0
hddm_vat_vatz,2713.079185,2717.072185,2716.273585,d:\文件同步\文件\数据分析结果\Salience_Network_Gates_Adaptive_Control_Data_Code_Figure\hddm_analysis\models\transition_prob_duration_10000samples\hddm_vat_vatz_dic_loo_waic.csv,d:\文件同步\文件\数据分析结果\Salience_Network_Gates_Adaptive_Control_Data_Code_Figure\hddm_analysis\models\transition_prob_duration_10000samples\hddm_vat_vatz_combined.nc,1.07,True,False,2.0,2.0,2.0,2.0
hddm_vat_vat,2728.934163,2733.053513,2732.229643,d:\文件同步\文件\数据分析结果\Salience_Network_Gates_Adaptive_Control_Data_Code_Figure\hddm_analysis\models\transition_prob_duration_10000samples\hddm_vat_vat_dic_loo_waic.csv,d:\文件同步\文件\数据分析结果\Salience_Network_Gates_Adaptive_Control_Data_Code_Figure\hddm_analysis\models\transition_prob_duration_10000samples\hddm_vat_vat_combined.nc,1.32,True,False,3.0,3.0,3.0,3.0
hddm_va_vatz,3413.573281,3418.416381,3417.447761,d:\文件同步\文件\数据分析结果\Salience_Network_Gates_Adaptive_Control_Data_Code_Figure\hddm_analysis\models\transition_prob_duration_10000samples\hddm_va_vatz_dic_loo_waic.csv,d:\文件同步\文件\数据分析结果\Salience_Network_Gates_Adaptive_Control_Data_Code_Figure\hddm_analysis\models\transition_prob_duration_10000samples\hddm_va_vatz_combined.nc,1.01,False,True,4.0,4.0,4.0,4.0
hddm_va_vat,3444.601499,3449.239599,3448.311979,d:\文件同步\文件\数据分析结果\Salience_Network_Gates_Adaptive_Control_Data_Code_Figure\hddm_analysis\models\transition_prob_duration_10000samples\hddm_va_vat_dic_loo_waic.csv,d:\文件同步\文件\数据分析结果\Salience_Network_Gates_Adaptive_Control_Data_Code_Figure\hddm_analysis\models\transition_prob_duration_10000samples\hddm_va_vat_combined.nc,1.02,True,False,5.0,5.0,5.0,5.0
hddm_a_vatz,3730.637343,3735.572693,3734.585623,d:\文件同步\文件\数据分析结果\Salience_Network_Gates_Adaptive_Control_Data_Code_Figure\hddm_analysis\models\transition_prob_duration_10000samples\hddm_a_vatz_dic_loo_waic.csv,d:\文件同步\文件\数据分析结果\Salience_Network_Gates_Adaptive_Control_Data_Code_Figure\hddm_analysis\models\transition_prob_duration_10000samples\hddm_a_vatz_combined.nc,1.04,True,False,6.0,6.0,6.0,6.0
hddm_vaz_vatz,3764.36943,3769.01358,3768.08475,d:\文件同步\文件\数据分析结果\Salience_Network_Gates_Adaptive_Control_Data_Code_Figure\hddm_analysis\models\transition_prob_duration_10000samples\hddm_vaz_vatz_dic_loo_waic.csv,d:\文件同步\文件\数据分析结果\Salience_Network_Gates_Adaptive_Control_Data_Code_Figure\hddm_analysis\models\transition_prob_duration_10000samples\hddm_vaz_vatz_combined.nc,1.55,True,False,7.0,7.0,7.0,7.0
hddm_a_vat,3858.804084,3864.042434,3862.994764,d:\文件同步\文件\数据分析结果\Salience_Network_Gates_Adaptive_Control_Data_Code_Figure\hddm_analysis\models\transition_prob_duration_10000samples\hddm_a_vat_dic_loo_waic.csv,d:\文件同步\文件\数据分析结果\Salience_Network_Gates_Adaptive_Control_Data_Code_Figure\hddm_analysis\models\transition_prob_duration_10000samples\hddm_a_vat_combined.nc,1.02,True,False,8.0,8.0,8.0,8.0
hddm_vaz_vaz,3969.545821,3974.577321,3973.571021,d:\文件同步\文件\数据分析结果\Salience_Network_Gates_Adaptive_Control_Data_Code_Figure\hddm_analysis\models\transition_prob_duration_10000samples\hddm_vaz_vaz_dic_loo_waic.csv,d:\文件同步\文件\数据分析结果\Salience_Network_Gates_Adaptive_Control_Data_Code_Figure\hddm_analysis\models\transition_prob_duration_10000samples\hddm_vaz_vaz_combined.nc,1.85,True,False,9.0,9.0,9.0,9.0
hddm_va_vaz,3988.039044,3992.859194,3991.895164,d:\文件同步\文件\数据分析结果\Salience_Network_Gates_Adaptive_Control_Data_Code_Figure\hddm_analysis\models\transition_prob_duration_10000samples\hddm_va_vaz_dic_loo_waic.csv,d:\文件同步\文件\数据分析结果\Salience_Network_Gates_Adaptive_Control_Data_Code_Figure\hddm_analysis\models\transition_prob_duration_10000samples\hddm_va_vaz_combined.nc,1.04,True,False,10.0,10.0,10.0,10.0
hddm_va_va,4035.080558,4040.010708,4039.024678,d:\文件同步\文件\数据分析结果\Salience_Network_Gates_Adaptive_Control_Data_Code_Figure\hddm_analysis\models\transition_prob_duration_10000samples\hddm_va_va_dic_loo_waic.csv,d:\文件同步\文件\数据分析结果\Salience_Network_Gates_Adaptive_Control_Data_Code_Figure\hddm_analysis\models\transition_prob_duration_10000samples\hddm_va_va_combined.nc,1.04,True,False,11.0,11.0,11.0,11.0
hddm_v_vat,4040.293913,4045.203713,4044.221753,d:\文件同步\文件\数据分析结果\Salience_Network_Gates_Adaptive_Control_Data_Code_Figure\hddm_analysis\models\transition_prob_duration_10000samples\hddm_v_vat_dic_loo_waic.csv,d:\文件同步\文件\数据分析结果\Salience_Network_Gates_Adaptive_Control_Data_Code_Figure\hddm_analysis\models\transition_prob_duration_10000samples\hddm_v_vat_combined.nc,1.05,True,False,12.0,12.0,12.0,12.0
hddm_v_vatz,4064.561578,4069.717478,4068.686298,d:\文件同步\文件\数据分析结果\Salience_Network_Gates_Adaptive_Control_Data_Code_Figure\hddm_analysis\models\transition_prob_duration_10000samples\hddm_v_vatz_dic_loo_waic.csv,d:\文件同步\文件\数据分析结果\Salience_Network_Gates_Adaptive_Control_Data_Code_Figure\hddm_analysis\models\transition_prob_duration_10000samples\hddm_v_vatz_combined.nc,1.03,True,False,13.0,13.0,13.0,13.0
hddm_a_vaz,4096.910529,4101.775279,4100.802329,d:\文件同步\文件\数据分析结果\Salience_Network_Gates_Adaptive_Control_Data_Code_Figure\hddm_analysis\models\transition_prob_duration_10000samples\hddm_a_vaz_dic_loo_waic.csv,d:\文件同步\文件\数据分析结果\Salience_Network_Gates_Adaptive_Control_Data_Code_Figure\hddm_analysis\models\transition_prob_duration_10000samples\hddm_a_vaz_combined.nc,1.03,True,False,14.0,14.0,14.0,14.0
hddm_a_va,4120.532669,4125.436469,4124.455709,d:\文件同步\文件\数据分析结果\Salience_Network_Gates_Adaptive_Control_Data_Code_Figure\hddm_analysis\models\transition_prob_duration_10000samples\hddm_a_va_dic_loo_waic.csv,d:\文件同步\文件\数据分析结果\Salience_Network_Gates_Adaptive_Control_Data_Code_Figure\hddm_analysis\models\transition_prob_duration_10000samples\hddm_a_va_combined.nc,1.01,False,True,15.0,15.0,15.0,15.0
hddm_v_vaz,4277.793144,4282.689044000001,4281.709864,d:\文件同步\文件\数据分析结果\Salience_Network_Gates_Adaptive_Control_Data_Code_Figure\hddm_analysis\models\transition_prob_duration_10000samples\hddm_v_vaz_dic_loo_waic.csv,d:\文件同步\文件\数据分析结果\Salience_Network_Gates_Adaptive_Control_Data_Code_Figure\hddm_analysis\models\transition_prob_duration_10000samples\hddm_v_vaz_combined.nc,1.05,True,False,16.0,16.0,16.0,16.0
hddm_v_va,4295.120526,4299.970226,4299.000286,d:\文件同步\文件\数据分析结果\Salience_Network_Gates_Adaptive_Control_Data_Code_Figure\hddm_analysis\models\transition_prob_duration_10000samples\hddm_v_va_dic_loo_waic.csv,d:\文件同步\文件\数据分析结果\Salience_Network_Gates_Adaptive_Control_Data_Code_Figure\hddm_analysis\models\transition_prob_duration_10000samples\hddm_v_va_combined.nc,1.0,False,True,17.0,17.0,17.0,17.0
hddm_v_vtz,4358.738143,4363.193042999999,4362.302062999999,d:\文件同步\文件\数据分析结果\Salience_Network_Gates_Adaptive_Control_Data_Code_Figure\hddm_analysis\models\transition_prob_duration_10000samples\hddm_v_vtz_dic_loo_waic.csv,d:\文件同步\文件\数据分析结果\Salience_Network_Gates_Adaptive_Control_Data_Code_Figure\hddm_analysis\models\transition_prob_duration_10000samples\hddm_v_vtz_combined.nc,1.09,True,False,18.0,18.0,18.0,18.0
hddm_v_vt,4700.147847,4705.241597,4704.222847,d:\文件同步\文件\数据分析结果\Salience_Network_Gates_Adaptive_Control_Data_Code_Figure\hddm_analysis\models\transition_prob_duration_10000samples\hddm_v_vt_dic_loo_waic.csv,d:\文件同步\文件\数据分析结果\Salience_Network_Gates_Adaptive_Control_Data_Code_Figure\hddm_analysis\models\transition_prob_duration_10000samples\hddm_v_vt_combined.nc,1.0,False,True,19.0,19.0,19.0,19.0
hddm_a_atz,8308.97835,8370.585299999999,8358.26391,d:\文件同步\文件\数据分析结果\Salience_Network_Gates_Adaptive_Control_Data_Code_Figure\hddm_analysis\models\transition_prob_duration_10000samples\hddm_a_atz_dic_loo_waic.csv,d:\文件同步\文件\数据分析结果\Salience_Network_Gates_Adaptive_Control_Data_Code_Figure\hddm_analysis\models\transition_prob_duration_10000samples\hddm_a_atz_combined.nc,1.02,True,False,20.0,20.0,20.0,20.0
hddm_a_at,9650.962832,9720.743882,9706.787672,d:\文件同步\文件\数据分析结果\Salience_Network_Gates_Adaptive_Control_Data_Code_Figure\hddm_analysis\models\transition_prob_duration_10000samples\hddm_a_at_dic_loo_waic.csv,d:\文件同步\文件\数据分析结果\Salience_Network_Gates_Adaptive_Control_Data_Code_Figure\hddm_analysis\models\transition_prob_duration_10000samples\hddm_a_at_combined.nc,1.01,False,True,21.0,21.0,21.0,21.0
hddm_v_vz,12715.090976,12739.955576,12734.982656,d:\文件同步\文件\数据分析结果\Salience_Network_Gates_Adaptive_Control_Data_Code_Figure\hddm_analysis\models\transition_prob_duration_10000samples\hddm_v_vz_dic_loo_waic.csv,d:\文件同步\文件\数据分析结果\Salience_Network_Gates_Adaptive_Control_Data_Code_Figure\hddm_analysis\models\transition_prob_duration_10000samples\hddm_v_vz_combined.nc,1.17,True,False,22.0,22.0,22.0,22.0
hddm_v_v,14061.065314,14090.237764,14084.403274,d:\文件同步\文件\数据分析结果\Salience_Network_Gates_Adaptive_Control_Data_Code_Figure\hddm_analysis\models\transition_prob_duration_10000samples\hddm_v_v_dic_loo_waic.csv,d:\文件同步\文件\数据分析结果\Salience_Network_Gates_Adaptive_Control_Data_Code_Figure\hddm_analysis\models\transition_prob_duration_10000samples\hddm_v_v_combined.nc,1.18,True,False,23.0,23.0,23.0,23.0
hddm_a_az,16944.448878,17021.021928,17005.707318,d:\文件同步\文件\数据分析结果\Salience_Network_Gates_Adaptive_Control_Data_Code_Figure\hddm_analysis\models\transition_prob_duration_10000samples\hddm_a_az_dic_loo_waic.csv,d:\文件同步\文件\数据分析结果\Salience_Network_Gates_Adaptive_Control_Data_Code_Figure\hddm_analysis\models\transition_prob_duration_10000samples\hddm_a_az_combined.nc,1.32,True,False,24.0,24.0,24.0,24.0
hddm_a_a,17197.285001,17272.429801,17257.400841,d:\文件同步\文件\数据分析结果\Salience_Network_Gates_Adaptive_Control_Data_Code_Figure\hddm_analysis\models\transition_prob_duration_10000samples\hddm_a_a_dic_loo_waic.csv,d:\文件同步\文件\数据分析结果\Salience_Network_Gates_Adaptive_Control_Data_Code_Figure\hddm_analysis\models\transition_prob_duration_10000samples\hddm_a_a_combined.nc,1.38,True,False,25.0,25.0,25.0,25.0
