rep,cell,true_v,rec_v,true_a,rec_a,true_t,rec_t
0,Long.prob_diff.flexibility,1.3567471555559594,1.4714886748114642,4.715486487371949,4.880164157952723,,
0,Long.prob_diff.stability,1.8845055390431988,1.9772876419535705,6.315870173104027,6.608394580634722,,
0,Long.prob_same.flexibility,4.720983538165992,4.690459730537068,2.1903520055641224,2.1778973384449234,,
0,Long.prob_same.stability,4.006204108151179,3.870991943694175,6.357974273372218,6.058218111819204,,
0,Short.prob_diff.flexibility,2.323316297707784,2.428237820097233,4.682659997074887,4.8473555340413546,,
0,Short.prob_diff.stability,1.9792634419109372,1.9961878757571994,1.2841346453727809,1.2733180751735538,,
0,Short.prob_same.flexibility,3.546177880803539,3.2366773294774958,3.3419158867229193,3.0762870330621825,,
0,Short.prob_same.stability,1.11712062327162,1.3476314656062123,5.986790127780369,6.704585057005284,,
0,__t__,,,,,0.5926957268814783,0.5780662692423372
1,Long.prob_diff.flexibility,2.809410788985122,2.7914707950667834,3.498815664161733,3.3950798120779346,,
1,Long.prob_diff.stability,0.24259430767280155,1.2509570816741142,5.834791455530467,8.744686844283004,,
1,Long.prob_same.flexibility,3.9594227705114333,3.830964080648183,4.688008970571514,4.5080013183961105,,
1,Long.prob_same.stability,4.025653485329351,3.669939269040001,5.784014713455901,5.174589325608546,,
1,Short.prob_diff.flexibility,0.2954979196547101,0.3472368021741614,1.38133623989724,1.3351171702947968,,
1,Short.prob_diff.stability,0.0517435506910323,0.19780349971134473,4.479328734394033,3.9743867370350343,,
1,Short.prob_same.flexibility,3.561754596594783,3.507618964734439,2.006572405367506,1.8726193778698605,,
1,Short.prob_same.stability,2.3815691884115275,2.4465160330653655,5.382088621482694,5.417473867981965,,
1,__t__,,,,,0.5232174804247645,0.524283740514237
2,Long.prob_diff.flexibility,5.844722910926224,5.541133261015347,1.0322453200984523,0.9922100495647955,,
2,Long.prob_diff.stability,2.682011617751375,3.018455619420872,1.3733590103258262,1.412352511775969,,
2,Long.prob_same.flexibility,5.699854489437921,5.544336264903799,0.9507674882302929,0.9522782355947854,,
2,Long.prob_same.stability,2.9086827158747908,3.156774547645352,2.6186186013879453,2.7858780186417786,,
2,Short.prob_diff.flexibility,1.0785484888184058,1.3445771920708787,6.056405273012373,6.8281687571611585,,
2,Short.prob_diff.stability,4.768509571577202,4.4364454381439495,5.881789042087211,5.449110273776704,,
2,Short.prob_same.flexibility,4.656631455163901,4.061180533466385,4.641441425420576,4.060525972592572,,
2,Short.prob_same.stability,4.229423123336876,4.027745725641197,3.9334546886146855,3.7055198535083638,,
2,__t__,,,,,0.5626888854469908,0.5508451405108015
3,Long.prob_diff.flexibility,1.1127657168369616,1.2407119577711765,4.237470033678466,4.294650821039304,,
3,Long.prob_diff.stability,5.082531826797384,5.161864011153541,4.435030852148841,4.375575062038462,,
3,Long.prob_same.flexibility,2.869629820076042,2.7467151183619105,5.809262649694324,5.530117004402945,,
3,Long.prob_same.stability,3.126983820641488,3.0810661407441935,5.434557794181718,5.288476084939041,,
3,Short.prob_diff.flexibility,3.747734228163268,3.527636412203971,3.232877602273299,2.967608242987645,,
3,Short.prob_diff.stability,4.082960534622619,4.057939140372074,3.7477647027174728,3.630341896189364,,
3,Short.prob_same.flexibility,2.468867143550481,2.5081274186522116,1.6560458556421205,1.5489576173232267,,
3,Short.prob_same.stability,4.659941811938786,4.603992030326201,5.349669261227228,5.262921471246526,,
3,__t__,,,,,0.637823286662677,0.6350070655204897
4,Long.prob_diff.flexibility,1.802490928820406,1.729254223195956,3.369045285523966,3.2490079972828005,,
4,Long.prob_diff.stability,1.0092977493820454,1.156656961790805,3.7884434287010986,3.9989773655834937,,
4,Long.prob_same.flexibility,4.322348728509679,4.151142802296655,5.715194232443575,5.280748087226737,,
4,Long.prob_same.stability,4.384667226973137,4.464316459198678,3.6966178029187766,3.5730908668983328,,
4,Short.prob_diff.flexibility,1.1860333536478114,1.1885260871826226,2.4730404995209696,2.4079721491882173,,
4,Short.prob_diff.stability,4.519289852372166,4.172619123131001,2.3504785643275836,2.0797029694238858,,
4,Short.prob_same.flexibility,1.6696050035489414,1.7340984441533012,4.353311769855942,4.517392279575465,,
4,Short.prob_same.stability,4.2454780148125115,4.147196425629844,2.688698851594661,2.4924497359117654,,
4,__t__,,,,,0.4879081566493727,0.49098725182780717
5,Long.prob_diff.flexibility,5.902479273116411,5.218467175533033,3.407909411938065,2.9504795351020876,,
5,Long.prob_diff.stability,4.2187862847256845,3.8082478699673477,5.5246420612914235,4.9691788406379525,,
5,Long.prob_same.flexibility,2.6991022362643373,2.7052985240702183,3.027033489987562,2.8533386875687348,,
5,Long.prob_same.stability,2.1333071211214225,2.1463402682586374,3.7773987558735564,3.677756792227664,,
5,Short.prob_diff.flexibility,1.402431841247431,1.4442334467834943,6.353360400410013,6.25354959740228,,
5,Short.prob_diff.stability,5.653227510897651,4.886581230607558,5.918108864257345,5.01457464846065,,
5,Short.prob_same.flexibility,4.819005282497084,3.97368290911444,1.2622810962797892,0.9775338461229977,,
5,Short.prob_same.stability,4.241770038569219,3.57090636300231,6.532852634654818,5.430598844304917,,
5,__t__,,,,,0.5621310772257019,0.56432918367342
6,Long.prob_diff.flexibility,1.0350580776951301,1.1611504707846592,2.997829860113849,3.042452177843743,,
6,Long.prob_diff.stability,5.547711438457769,5.220405562373811,4.172448797151615,3.7870698796204727,,
6,Long.prob_same.flexibility,1.4994806342377132,1.6232217000043345,5.900467174886019,6.204176081874422,,
6,Long.prob_same.stability,1.4052734038165375,1.583988782576253,3.289868753119868,3.527190735291976,,
6,Short.prob_diff.flexibility,2.359660819625564,2.4712790232624804,2.016204476106836,2.012060792704221,,
6,Short.prob_diff.stability,3.906221941921743,3.6617838028967005,2.8910715479796476,2.6136812796099433,,
6,Short.prob_same.flexibility,1.2151642011428017,1.287411282614277,1.3880401648684493,1.3253467929528442,,
6,Short.prob_same.stability,1.0509917802371862,1.3000183247615509,5.104138037212935,5.452262284329771,,
6,__t__,,,,,0.5905772505105731,0.590116614024332
7,Long.prob_diff.flexibility,4.970794535056845,4.8977010337264035,1.663326832438878,1.610171051783011,,
7,Long.prob_diff.stability,3.1282136907799805,3.013980114632942,2.2056172352724266,2.138740513263929,,
7,Long.prob_same.flexibility,4.597222502492932,4.528079891753447,4.018617832208932,3.8711174478797314,,
7,Long.prob_same.stability,5.649108605128576,5.343234736699062,3.0648688533141444,2.8878410438987467,,
7,Short.prob_diff.flexibility,1.5479119354910678,1.6763711106146248,2.278094479809914,2.297041460930891,,
7,Short.prob_diff.stability,2.669624624314476,2.7801074664671095,1.727904956212561,1.7370836270658414,,
7,Short.prob_same.flexibility,0.5816171664577686,0.6520851487485279,3.4779561085663158,3.2590046654614144,,
7,Short.prob_same.stability,1.9024507238946418,2.060755286095696,2.335637297803407,2.4003902398550476,,
7,__t__,,,,,0.540127234244146,0.5307236106945535
8,Long.prob_diff.flexibility,2.759875310898688,2.764768109470814,3.1634939205296027,2.827565389422632,,
8,Long.prob_diff.stability,3.958537936853952,3.6186678232620815,3.8025729028537434,3.0653171277004057,,
8,Long.prob_same.flexibility,2.218093410351977,2.1803845561887876,6.386540985408485,5.974517789773218,,
8,Long.prob_same.stability,5.8439930625163745,4.700644614154365,3.43764647937439,2.3266976584545236,,
8,Short.prob_diff.flexibility,0.09851962404182883,0.35168251755266805,5.496856840960327,4.483981082524193,,
8,Short.prob_diff.stability,4.602112577239112,4.168640917750382,5.730687637194481,4.8138445575489826,,
8,Short.prob_same.flexibility,2.1114962083858346,1.9808347210018546,2.7279282397686684,2.302732319470634,,
8,Short.prob_same.stability,2.589207650225547,2.4409949382331093,4.3071767062438955,3.722849977620508,,
8,__t__,,,,,0.5448976228963395,0.587250138752029
9,Long.prob_diff.flexibility,2.839636822614234,2.8225962792826986,1.1742093602045194,1.131349641619799,,
9,Long.prob_diff.stability,0.45427414464024585,0.837451266826359,4.661241141354439,4.982773616508743,,
9,Long.prob_same.flexibility,0.05783613947194104,0.004800439756997818,1.5854956120311798,1.5402043628655628,,
9,Long.prob_same.stability,4.141948045523822,3.802463440884388,3.233742532341477,2.9558828659841754,,
9,Short.prob_diff.flexibility,5.295388681337183,5.041713693754133,3.849466251395179,3.7129686362208263,,
9,Short.prob_diff.stability,3.3199048285768735,3.3100176763496285,4.713405425721079,4.676581972961242,,
9,Short.prob_same.flexibility,2.754541248226579,2.4814834144821942,5.666806595407183,5.101917057564273,,
9,Short.prob_same.stability,3.6478812157026974,3.5443986355792116,1.847409744223802,1.8387421084639288,,
9,__t__,,,,,0.5382386237519692,0.5289352828877181
10,Long.prob_diff.flexibility,3.9758042807960137,3.927429588490184,5.265726761789287,5.152155860903535,,
10,Long.prob_diff.stability,0.177550353321368,0.24047892921368413,3.5784289309187036,3.2235642276122785,,
10,Long.prob_same.flexibility,5.248447126409842,4.622281642748943,1.5335805811897902,1.3042277559180582,,
10,Long.prob_same.stability,1.3614855202705283,1.3801049516843786,1.978370884695599,1.8938588205855036,,
10,Short.prob_diff.flexibility,5.482800981000305,5.34975893835663,6.372403100380927,6.147314321047084,,
10,Short.prob_diff.stability,0.5414492316938572,1.1656105496216373,5.7475022971174585,7.150049551338781,,
10,Short.prob_same.flexibility,3.461908336396301,3.2265651341803747,5.880040312877904,5.424890519196881,,
10,Short.prob_same.stability,1.3719549822998705,1.3112910352556173,1.8151130390565928,1.7129997124951932,,
10,__t__,,,,,0.5031724805697108,0.5037725450816646
11,Long.prob_diff.flexibility,5.896689850993981,5.242422998201176,1.6784887600413936,1.434625542240792,,
11,Long.prob_diff.stability,2.0422903619248807,2.2464021030350625,2.5854039587737274,2.622952667852931,,
11,Long.prob_same.flexibility,2.207396914057159,2.1326139090677363,5.465542340703725,4.999483819464985,,
11,Long.prob_same.stability,0.05863271817295468,0.1094924586370921,1.8854340449446654,1.8469241546156898,,
11,Short.prob_diff.flexibility,3.241110791374219,3.272059477373544,5.582855125914942,5.584477413885028,,
11,Short.prob_diff.stability,1.1268095191706244,1.3539921818101666,6.453725074980413,6.934505204002949,,
11,Short.prob_same.flexibility,1.945228068019237,2.1235577540569155,1.8496571006723026,1.8590622647133337,,
11,Short.prob_same.stability,5.653483122106673,4.889574498216036,2.437719376005079,2.0821963166148403,,
11,__t__,,,,,0.5063358011579927,0.5041523418688247
12,Long.prob_diff.flexibility,3.203849140112954,3.1787779408548222,6.633363283811216,6.541638340607855,,
12,Long.prob_diff.stability,4.116655368380176,4.1719836371982435,1.1307992981067603,1.142180388439541,,
12,Long.prob_same.flexibility,3.294389164819516,3.29059007008844,2.58430378588049,2.5194237153126933,,
12,Long.prob_same.stability,3.7415783457072163,3.234771364754242,5.32815191687515,4.726207572159401,,
12,Short.prob_diff.flexibility,1.3766951593019772,1.5210768738070573,3.9403789281926924,4.012112260177744,,
12,Short.prob_diff.stability,4.770415896305009,4.419592397364596,6.3539560808592555,5.8990190963276,,
12,Short.prob_same.flexibility,0.7981555426911775,1.2933886579181686,6.177325829997573,5.754397908458963,,
12,Short.prob_same.stability,0.7841441491207433,1.1728351348396486,5.675868022990894,6.6033022654602975,,
12,__t__,,,,,0.6134973531889649,0.6020637721100944
13,Long.prob_diff.flexibility,1.6688430554016564,1.8119953168541065,4.238255656228357,4.317766509257287,,
13,Long.prob_diff.stability,2.6329219599366653,2.707081700226599,4.213112352008238,4.276146044883106,,
13,Long.prob_same.flexibility,3.2959767203165,3.6229619847518544,3.8096316666668093,4.110968733501156,,
13,Long.prob_same.stability,4.941842649710292,4.30482823241112,3.9785258974332853,3.5892071782827504,,
13,Short.prob_diff.flexibility,3.6669374209011085,3.656557462365352,2.823641962314462,2.871674038999803,,
13,Short.prob_diff.stability,3.421338535984295,3.589948371262483,4.8154870369114136,4.935743678740673,,
13,Short.prob_same.flexibility,1.729465973332253,1.650657491816782,2.6843464125237944,2.5464803621057572,,
13,Short.prob_same.stability,3.891775045781445,3.7498210824744493,1.15722629951307,1.145616380679455,,
13,__t__,,,,,0.4961668209010722,0.4846242135874624
14,Long.prob_diff.flexibility,0.44348954575218263,1.194647588567154,5.469716385578791,7.475383386250196,,
14,Long.prob_diff.stability,5.6121247477547085,5.33447302806545,4.510913989949732,4.363602930590749,,
14,Long.prob_same.flexibility,0.5225800443693117,0.6717858954256523,3.6270029243431,3.7771210392509507,,
14,Long.prob_same.stability,2.7463637276677084,2.734198049909499,3.738979097450798,3.6326356676663654,,
14,Short.prob_diff.flexibility,3.056402393084959,3.096880645018188,0.7154707702575003,0.6991659192907645,,
14,Short.prob_diff.stability,2.9345751461720875,2.9952505715011104,3.791658456899004,3.8053179700486863,,
14,Short.prob_same.flexibility,2.5593751093053885,2.6249151403688042,3.6776958667571797,3.6747916432205456,,
14,Short.prob_same.stability,0.6618073328150393,1.5298341626141427,5.528191165963496,9.285834632409074,,
14,__t__,,,,,0.5537548967615167,0.542596975910189
15,Long.prob_diff.flexibility,2.675051793325495,2.718598542382468,4.749208519559365,4.698705687598908,,
15,Long.prob_diff.stability,4.9115886187885165,4.89171763557527,0.9994560798016848,0.9772484048770116,,
15,Long.prob_same.flexibility,5.549334037274704,5.278069850403177,3.5562263566208667,3.313960620374157,,
15,Long.prob_same.stability,0.6377284491328388,0.9412740415186367,4.149706673410894,4.575131169905505,,
15,Short.prob_diff.flexibility,5.808172602933442,5.699962605970713,3.2962099384479826,3.3018784736282125,,
15,Short.prob_diff.stability,2.4171454855419143,2.4153083115610072,4.675654416398177,4.5832284212856855,,
15,Short.prob_same.flexibility,1.9917044139794968,2.093422802826805,2.249866245390313,2.336993871991329,,
15,Short.prob_same.stability,0.9306547238526987,1.1767622424297066,1.7942994032278166,1.7645462018762264,,
15,__t__,,,,,0.5248282516106519,0.5152513623486625
16,Long.prob_diff.flexibility,3.210400357458736,3.4278560599248813,0.8806292385481136,0.8850960178082449,,
16,Long.prob_diff.stability,2.172679646768597,2.1394535590911037,3.929703073347839,3.856951228011313,,
16,Long.prob_same.flexibility,0.510588296585023,0.5737454176972802,1.2685269315967231,1.2451162267455291,,
16,Long.prob_same.stability,4.292664997390401,4.51339620600019,1.2412351798927963,1.2683869055270087,,
16,Short.prob_diff.flexibility,0.026186655716139387,0.02700115662761299,3.929282774218838,3.30775623984467,,
16,Short.prob_diff.stability,5.846160453174291,6.209285769012693,2.4644048312725872,2.5951148734105653,,
16,Short.prob_same.flexibility,4.280173615440045,3.9677041330382194,3.418761709608404,3.2381680623567637,,
16,Short.prob_same.stability,1.2318176366558289,1.3473198625804546,2.651635361598194,2.6983282952903,,
16,__t__,,,,,0.6226084944996925,0.6104188182124783
17,Long.prob_diff.flexibility,3.2952817951114044,3.3410253179513756,5.8034384465239235,5.800914932231368,,
17,Long.prob_diff.stability,2.194120526291202,2.203534047347643,2.3949445609014015,2.296033143153883,,
17,Long.prob_same.flexibility,0.020044416783229782,0.04131843386040391,1.0874390455199203,1.0310681786824043,,
17,Long.prob_same.stability,4.197493437530604,3.5984259225727593,5.55242954814311,4.7104328369230535,,
17,Short.prob_diff.flexibility,5.308753717441955,5.163286923721619,4.181347259800454,3.955455584338178,,
17,Short.prob_diff.stability,4.309528529920713,4.244252105598267,2.2462209400620057,2.0875213063621314,,
17,Short.prob_same.flexibility,1.9531096915312671,1.9866480104881181,4.141264224968742,4.020571097400329,,
17,Short.prob_same.stability,5.704429520981352,4.997394417449981,5.2778663653428355,4.576983143457817,,
17,__t__,,,,,0.49133146513888964,0.4915047114304285
18,Long.prob_diff.flexibility,0.1762289321817873,0.21025467654507116,4.2357684556062365,3.5003178133146555,,
18,Long.prob_diff.stability,3.2901030866426773,3.19704837906111,6.310258486586071,6.180666054759366,,
18,Long.prob_same.flexibility,3.339888563730173,3.6419623365481884,2.291234458704805,2.327400847435336,,
18,Long.prob_same.stability,3.953306380466107,4.041275481111119,1.1026395988737387,1.1058549015835817,,
18,Short.prob_diff.flexibility,0.776909866668098,1.1145021873673868,4.983325230207766,5.498667067359888,,
18,Short.prob_diff.stability,5.278246624121065,5.300710296604481,2.673567489754877,2.620162090209356,,
18,Short.prob_same.flexibility,0.06424052143823139,0.11692043160606781,3.1624822452606285,2.8686498560740192,,
18,Short.prob_same.stability,5.6308056392646915,5.244996054990422,4.823118386245709,4.571658816551496,,
18,__t__,,,,,0.4937426933533525,0.48537429369183765
19,Long.prob_diff.flexibility,5.515994141071159,5.63102304791709,3.7262253321070915,3.7597985220326784,,
19,Long.prob_diff.stability,5.402363453194089,5.4604384281995495,0.9782446534546557,0.9890585200996013,,
19,Long.prob_same.flexibility,1.4450623995944967,1.5859735307695897,4.1718913865798815,4.266382093686602,,
19,Long.prob_same.stability,0.9049240003851337,1.3648243549700214,5.816795017768612,7.205093120900263,,
19,Short.prob_diff.flexibility,2.054948298461985,2.166042975599747,2.5885860140221633,2.7850435130783504,,
19,Short.prob_diff.stability,3.0258724587058357,3.3029165382617895,1.5032246039300095,1.577585512259268,,
19,Short.prob_same.flexibility,1.3363868394785827,1.533378183025859,4.190826264783571,4.489126991536634,,
19,Short.prob_same.stability,0.39938758073654973,0.6337193523978295,3.7265196850938995,3.972344970714098,,
19,__t__,,,,,0.5941108304918611,0.5788647619881131
20,Long.prob_diff.flexibility,0.5838606572071633,1.2494978736997815,6.6571443143660645,8.490932184176312,,
20,Long.prob_diff.stability,2.4891618893981717,2.4099296352547626,5.51795185266987,4.9915905724345775,,
20,Long.prob_same.flexibility,5.844273275446227,4.236541686391469,3.865763069738085,2.2074324370712777,,
20,Long.prob_same.stability,1.0766548575196389,1.0532271836774816,2.8960994269526514,2.678258504726882,,
20,Short.prob_diff.flexibility,0.8621785125053101,0.9785167554636329,3.827146084965255,3.864083239035308,,
20,Short.prob_diff.stability,3.433822746556945,3.1759753614436126,3.934055396941085,3.1211357240384103,,
20,Short.prob_same.flexibility,0.5566292091621401,1.2455874206868467,6.1000922716294745,7.942227495034245,,
20,Short.prob_same.stability,4.4711865993342,3.8025163904069728,6.299030574828434,4.798548633221677,,
20,__t__,,,,,0.6248715626186923,0.6893315191047321
21,Long.prob_diff.flexibility,3.745079988422122,3.2263739500788664,6.278498915288474,5.2596989989797835,,
21,Long.prob_diff.stability,5.082723184032707,4.109733430047443,4.407202377449628,3.2556474639275645,,
21,Long.prob_same.flexibility,3.427795844948937,3.1909783402771454,4.155590916819212,3.480971867606342,,
21,Long.prob_same.stability,4.54610318610313,3.5075511942519872,3.9213420944129593,2.871600351514016,,
21,Short.prob_diff.flexibility,1.37546094295753,1.4977894392183857,2.0786831136118273,1.907760864511377,,
21,Short.prob_diff.stability,2.2891526098003805,2.189512299803746,4.93451972915771,4.471411234917006,,
21,Short.prob_same.flexibility,2.7249776149684948,2.565602347658099,4.150557727295126,3.6253195940381198,,
21,Short.prob_same.stability,3.210220276464086,2.94212163176353,4.969175868405304,4.18713423351159,,
21,__t__,,,,,0.5040669776367046,0.5429568567925069
22,Long.prob_diff.flexibility,1.7719678820436966,1.8490918959653773,5.984371011746154,6.123979273017433,,
22,Long.prob_diff.stability,5.175141708644346,5.1115851007226105,1.9635223505463297,1.8750621975881485,,
22,Long.prob_same.flexibility,2.240624396117309,2.221996979570537,1.1554961767053495,1.1347203674029793,,
22,Long.prob_same.stability,2.964040269948182,2.8598124043753455,1.7076719662801043,1.6540418836519393,,
22,Short.prob_diff.flexibility,5.279501959165156,5.25883642105378,3.5342572608382588,3.46446496047093,,
22,Short.prob_diff.stability,4.067755707677839,4.055745902423956,1.7583556829974896,1.689495470777015,,
22,Short.prob_same.flexibility,3.6822975343683484,3.5294450538814015,1.415888036252145,1.3147928069803272,,
22,Short.prob_same.stability,1.7344667361592174,1.7667737990470191,3.8951692096923844,3.8051504676721906,,
22,__t__,,,,,0.5272073458772036,0.5210520865356078
23,Long.prob_diff.flexibility,3.458599716535935,3.2324703471772196,1.4823821173702538,1.4158505878699505,,
23,Long.prob_diff.stability,5.91490474108998,5.429131599671421,5.733394322565599,5.306431313216108,,
23,Long.prob_same.flexibility,1.8264669063376664,1.7967056516310853,6.3606278515458765,6.198341051719343,,
23,Long.prob_same.stability,4.401948606177851,4.219585274596178,2.6061664637558293,2.492954359648001,,
23,Short.prob_diff.flexibility,5.780198211518418,5.547606603232602,3.120849767999962,3.009263803234036,,
23,Short.prob_diff.stability,4.004294490663221,3.8696502630039658,1.8025527402163681,1.7786693325581822,,
23,Short.prob_same.flexibility,0.7373739527123087,0.8314683289566862,3.522213241530636,3.352404761836763,,
23,Short.prob_same.stability,4.377254214107568,4.034217486936858,3.788065290862809,3.585674284376018,,
23,__t__,,,,,0.5208168871079336,0.5112219262502884
24,Long.prob_diff.flexibility,3.18659291868339,3.210551496163454,4.72897746291207,4.756190417527953,,
24,Long.prob_diff.stability,0.3316344266540535,0.4827354854703875,1.0810956884252287,1.0780720422713836,,
24,Long.prob_same.flexibility,1.9608244453932053,2.01787215299422,6.343359790947321,6.5127733386382785,,
24,Long.prob_same.stability,3.7938405085465505,3.862607564181431,1.6046429513168303,1.6717662889562255,,
24,Short.prob_diff.flexibility,0.05033792234170697,1.1885905508551462,5.759357279386772,8.421835191471535,,
24,Short.prob_diff.stability,2.657948312744336,2.7139089634609945,1.241218450928684,1.2116359841453666,,
24,Short.prob_same.flexibility,4.413317030965974,4.082217303027197,6.300169425694494,5.909258064469721,,
24,Short.prob_same.stability,1.5088905442233629,1.7629653013447304,6.234331710354992,6.963592352816635,,
24,__t__,,,,,0.5361771123091353,0.526644774350497
25,Long.prob_diff.flexibility,0.4075474868730273,1.32401496551738,5.884144187506324,8.917403946382256,,
25,Long.prob_diff.stability,0.5756246592041145,1.0565529276715164,4.51380808527659,5.447476049425616,,
25,Long.prob_same.flexibility,5.274711727095693,4.184547784960816,5.442221423943996,4.32184804455263,,
25,Long.prob_same.stability,2.7558461566719594,2.724804146570337,5.169519149436416,4.900865245445235,,
25,Short.prob_diff.flexibility,5.909032804744957,5.565369537555798,2.1292872843956534,1.937474826892411,,
25,Short.prob_diff.stability,3.144924533895063,3.0196161933338597,4.958679127686485,4.763311110149114,,
25,Short.prob_same.flexibility,4.2462045028042175,4.059152872663351,1.1353014539112576,1.0706159546396026,,
25,Short.prob_same.stability,3.191009633292584,3.006050876938163,1.9667075036051562,1.8526664176415255,,
25,__t__,,,,,0.5626470484188397,0.5552344047620666
26,Long.prob_diff.flexibility,0.5119287266613274,0.4915543227382477,0.8957248908219089,0.8697338517554507,,
26,Long.prob_diff.stability,4.887019251269566,4.360462863966989,1.071417990775553,0.972548613147565,,
26,Long.prob_same.flexibility,5.292728539346391,4.249061410162764,5.526091048311842,4.607543725564552,,
26,Long.prob_same.stability,5.756452961400102,4.814701621237555,5.614028235039971,4.797273923597676,,
26,Short.prob_diff.flexibility,2.933130341399265,2.8113831898713078,3.8692739362084128,3.740785027440129,,
26,Short.prob_diff.stability,5.371867349160152,4.8264879207427995,1.5971249364671602,1.448965447671238,,
26,Short.prob_same.flexibility,2.2032241659218283,2.4879060973667775,3.2191096605662572,3.440116942405096,,
26,Short.prob_same.stability,1.8380230125064316,1.7996407073344753,6.071044959925182,6.015504200331865,,
26,__t__,,,,,0.5380170064584648,0.5299644787090764
27,Long.prob_diff.flexibility,1.3050903218450078,1.5130837290881722,3.139774987556171,3.3648233753763956,,
27,Long.prob_diff.stability,0.2985515200927722,0.3394076436801782,1.8594080950396368,1.8328351050226133,,
27,Long.prob_same.flexibility,0.3166176772357338,0.42057117774121716,3.997382663892493,3.4873573299106493,,
27,Long.prob_same.stability,3.166255631655689,3.511502534059105,4.591573263642794,4.827076393804017,,
27,Short.prob_diff.flexibility,1.2931966598481335,1.3951478271359545,3.518209506693113,3.702468805248159,,
27,Short.prob_diff.stability,2.2115081052417462,2.1846982339809333,5.09583994163021,5.05566820481122,,
27,Short.prob_same.flexibility,3.6368050392306883,3.563665247423726,0.8916609982790732,0.8634108772790839,,
27,Short.prob_same.stability,1.2874023061192708,1.4758814793085526,2.069402068579578,2.10061494457059,,
27,__t__,,,,,0.5795611791729879,0.5695954038134002
28,Long.prob_diff.flexibility,3.220211835009871,3.3852446093419606,3.2386771931259517,3.2707465575606056,,
28,Long.prob_diff.stability,1.2542241513189663,1.3961864898851155,3.7144397936222937,3.769658062552569,,
28,Long.prob_same.flexibility,3.48087697533493,3.1535576978877105,5.982577940661247,5.4403601959958685,,
28,Long.prob_same.stability,2.008140564196337,2.1042055757284506,3.388898076500854,3.5038968753687807,,
28,Short.prob_diff.flexibility,4.1707210274674695,4.12122648759266,4.531010032890189,4.421286398541191,,
28,Short.prob_diff.stability,1.8710802064446777,1.968000580810719,2.4850065150348595,2.579659971173334,,
28,Short.prob_same.flexibility,2.957123789461875,3.004539312923187,1.3041632836717574,1.2779097906777455,,
28,Short.prob_same.stability,1.625891857186578,1.8324748476491464,1.1724513118632813,1.1824152703129052,,
28,__t__,,,,,0.5799291336702863,0.5711633156989271
29,Long.prob_diff.flexibility,1.3369449005476834,1.390624739897855,4.849210005179385,4.688155597052468,,
29,Long.prob_diff.stability,1.568746094800601,1.6490671817504305,3.21268389947972,3.1244458902945182,,
29,Long.prob_same.flexibility,2.10167482110054,2.0605455360072376,4.576131718408393,4.346959218071578,,
29,Long.prob_same.stability,1.3201759161691742,1.57269678184949,5.451594916155865,6.031123215286428,,
29,Short.prob_diff.flexibility,3.494216950493878,3.3806409364665644,6.517851061934058,6.103870857369992,,
29,Short.prob_diff.stability,4.885205259857721,4.330137232177464,1.9894652990492412,1.5861291128130035,,
29,Short.prob_same.flexibility,2.73855841223815,2.4936612508896343,3.705888532567233,3.1630009523008877,,
29,Short.prob_same.stability,2.315367832443383,2.2386742197201346,5.150982427909018,4.760072260396254,,
29,__t__,,,,,0.5717438660695175,0.5824592230716072
