parameter,cell,n_pairs,true_range,pearson_r,RMSE,nRMSE_pct,CCC,ICC3_1
v,Long.prob_diff.flexibility,30,5.726250340934624,0.9871650216444591,0.3357448724651065,5.863258720370704,0.9781921009294935,0.9784714271136057
v,Long.prob_diff.stability,30,5.737354387768613,0.9883294212273638,0.34714150798097376,6.0505502104077795,0.9811191013845247,0.9811378775423493
v,Long.prob_same.flexibility,30,5.824228858662997,0.9778630416243392,0.4423087688096189,7.594288952978313,0.9646088058089705,0.969048779749782
v,Long.prob_same.stability,30,5.785360344343421,0.9752400170179916,0.4225214415881958,7.3032865100842335,0.9569479120047599,0.9608999640337424
v,Short.prob_diff.flexibility,30,5.8828461490288175,0.9942127817910391,0.2601154640802476,4.42159215948881,0.9900213653477135,0.9903083109319046
v,Short.prob_diff.stability,30,5.794416902483259,0.9847273363712769,0.29660992160077776,5.118891626069613,0.9768958419979102,0.978189558856016
v,Short.prob_same.flexibility,30,4.754764761058853,0.9862986562260316,0.29408187513689654,6.184993157714212,0.9700871108099549,0.9708967464011066
v,Short.prob_same.stability,30,5.305041940244802,0.9905605458647413,0.35553560042686766,6.70184334886637,0.971249021453848,0.971920351987619
a,Long.prob_diff.flexibility,30,5.776515075817951,0.9386193904980299,0.7904564620288548,13.683967784277385,0.9188197846946028,0.9208959617598022
a,Long.prob_diff.stability,30,5.337625519649372,0.9395369421834976,0.6476326467446959,12.133347391280438,0.9336596287477431,0.9336634379949685
a,Long.prob_same.flexibility,30,5.435773497178192,0.9718400814673537,0.48447481316249014,8.912711565593925,0.9611520146327841,0.9710722978091592
a,Long.prob_same.stability,30,5.255334674498479,0.9485057768758041,0.5033271620149384,9.57745211655757,0.9443477243154137,0.9482687448400902
a,Short.prob_diff.flexibility,30,5.802380291676558,0.9444098779165996,0.5762419522420201,9.931130385725183,0.9376226433986043,0.9377327801817001
a,Short.prob_diff.stability,30,5.212506624051729,0.9693191496295265,0.4419174165674614,8.478021198636961,0.9662554586127265,0.9692741276926785
a,Short.prob_same.flexibility,30,5.408508427415421,0.9666579807961748,0.4450794365375258,8.229245502908778,0.9633403351184577,0.9656770100246245
a,Short.prob_same.stability,30,5.375626335141748,0.9008636882353525,0.8494149510367295,15.8012275794525,0.8923747395523549,0.892376837794587
t,__t__,30,0.14991513001330425,0.9242298475792224,0.017871846801836636,11.921309610478005,0.9195250552798705,0.9196946180963739
