parameter,effect_type,effect,n_pairs,true_range,pearson_r,RMSE,nRMSE_pct,CCC,ICC3_1
v,interaction,interaction_factor_1_factor_2__factor_1_Long_vs_Short__factor_2_prob_diff_vs_prob_same,30,9.408862747608286,0.9736960383283284,0.5486784232348204,5.831506293088327,0.9583207493670217,0.9602215626849204
v,interaction,interaction_factor_1_factor_2_factor_3__factor_1_Long_vs_Short__factor_2_prob_diff_vs_prob_same__factor_3_flexibility_vs_stability,30,23.1662470286075,0.9852484154632594,0.9962961287448303,4.300636730302174,0.9783932689269479,0.9784141658917762
v,interaction,interaction_factor_1_factor_3__factor_1_Long_vs_Short__factor_3_flexibility_vs_stability,30,9.38016635933171,0.9890732261263969,0.4378599870800549,4.667934131514169,0.9765184936983254,0.976818683986646
v,interaction,interaction_factor_2_factor_3__factor_2_prob_diff_vs_prob_same__factor_3_flexibility_vs_stability,30,8.372229785134856,0.9880199374667584,0.43995641902191307,5.25494916304219,0.9763615268386394,0.977407348546664
v,main_effect,main_effect_factor_1_Long_vs_Short,30,4.803154041864806,0.9869615643132702,0.21754120042491404,4.529132285344205,0.9792634794498956,0.9797247237425271
v,main_effect,main_effect_factor_2_prob_diff_vs_prob_same,30,5.610642751270433,0.9910642810957907,0.2267670981808039,4.0417311925528745,0.9816222326811966,0.9850618662136802
v,main_effect,main_effect_factor_3_flexibility_vs_stability,30,7.127928620873273,0.9947289644890511,0.2189572082120612,3.0718209995940704,0.9871918822164469,0.9875258375333769
a,interaction,interaction_factor_1_factor_2__factor_1_Long_vs_Short__factor_2_prob_diff_vs_prob_same,30,10.443721212974005,0.9360903691006085,1.0346062265057279,9.90649027686089,0.9255601443757168,0.929768776786842
a,interaction,interaction_factor_1_factor_2_factor_3__factor_1_Long_vs_Short__factor_2_prob_diff_vs_prob_same__factor_3_flexibility_vs_stability,30,20.75106974647352,0.9327613587412734,1.8835094608344107,9.076686088217203,0.9295997718458283,0.9296165812332322
a,interaction,interaction_factor_1_factor_3__factor_1_Long_vs_Short__factor_3_flexibility_vs_stability,30,7.05884040363169,0.9184240592189873,0.8303507340430655,11.763273945333285,0.9136598920107222,0.9136658335731914
a,interaction,interaction_factor_2_factor_3__factor_2_prob_diff_vs_prob_same__factor_3_flexibility_vs_stability,30,8.733666867353579,0.9495929413649865,0.8103620167928198,9.278600032501249,0.9399304674118506,0.9458976778107181
a,main_effect,main_effect_factor_1_Long_vs_Short,30,6.339454371414276,0.9786350306420745,0.30919590345869874,4.87732674365349,0.9747614367739347,0.9747852442845035
a,main_effect,main_effect_factor_2_prob_diff_vs_prob_same,30,5.688422105489176,0.965949786681479,0.3679803140987301,6.468934746309331,0.9582741713752576,0.9631599076770785
a,main_effect,main_effect_factor_3_flexibility_vs_stability,30,5.719016350695006,0.9552352407392157,0.34121861958306354,5.966386501790589,0.9512952769716028,0.9514079459538773
