model,parameter,effect_type,effect,mean,ci_lower,ci_upper
hddm_va_vat,a,interaction,interaction_duration_prob_duration_Long_prob_prob_diff_Short_prob_same,-0.07589857650728184,-0.7737501815305537,0.627023494637594
hddm_va_vat,a,interaction,interaction_duration_prob_transition_duration_Long_prob_prob_diff_transition_flexibility_Short_prob_same_stability,0.13760782776979102,-0.549497057564636,0.82239050039786
hddm_va_vat,a,interaction,interaction_duration_transition_duration_Long_transition_flexibility_Short_stability,0.5109739081206478,-0.2018641973981785,1.2262161275351136
hddm_va_vat,a,interaction,interaction_prob_transition_prob_prob_diff_transition_flexibility_prob_same_stability,-0.2607558799596875,-0.9821521409595088,0.4229047364289792
hddm_va_vat,a,main_effect,main_effect_duration_Long_vs_Short,0.27325327090126633,0.09330330446037677,0.45343999773807886
hddm_va_vat,a,main_effect,main_effect_prob_prob_diff_vs_prob_same,-0.15814912066189363,-0.33409303106319016,0.010615870907666585
hddm_va_vat,a,main_effect,main_effect_transition_flexibility_vs_stability,2.674924188739624,2.4790618563768065,2.884103136126741
hddm_va_vat,a,simple_effect,simple_effect_duration_Long_vs_Short_at_prob_prob_diff,0.2542786267744459,0.05087479392845988,0.4610324097033745
hddm_va_vat,a,simple_effect,simple_effect_duration_Long_vs_Short_at_prob_prob_same,0.2922279150280868,0.006365145538361007,0.5864045920427505
hddm_va_vat,a,simple_effect,simple_effect_duration_Long_vs_Short_at_transition_flexibility,0.4009967479314283,0.07155423956301242,0.7310032044956494
hddm_va_vat,a,simple_effect,simple_effect_duration_Long_vs_Short_at_transition_stability,0.14550979387110438,0.006253844944513032,0.28419959855856397
hddm_va_vat,a,simple_effect,simple_effect_prob_prob_diff_vs_prob_same_at_duration_Long,-0.17712376478871408,-0.43302267512086506,0.07886691000162815
hddm_va_vat,a,simple_effect,simple_effect_prob_prob_diff_vs_prob_same_at_duration_Short,-0.13917447653507317,-0.37613810254606184,0.09591579309058514
hddm_va_vat,a,simple_effect,simple_effect_prob_prob_diff_vs_prob_same_at_transition_flexibility,-0.2233380906518155,-0.5536548479715826,0.08581897954292404
hddm_va_vat,a,simple_effect,simple_effect_prob_prob_diff_vs_prob_same_at_transition_stability,-0.09296015067197175,-0.23198383920822377,0.0444818852877774
hddm_va_vat,a,simple_effect,simple_effect_transition_flexibility_vs_stability_at_duration_Long,2.8026676657697855,2.5298014524376997,3.091821826341758
hddm_va_vat,a,simple_effect,simple_effect_transition_flexibility_vs_stability_at_duration_Short,2.5471807117094616,2.296150320969803,2.8085267166111247
hddm_va_vat,a,simple_effect,simple_effect_transition_flexibility_vs_stability_at_prob_prob_diff,2.6097352187497016,2.3837756253011917,2.8401348257175463
hddm_va_vat,a,simple_effect,simple_effect_transition_flexibility_vs_stability_at_prob_prob_same,2.7401131587295455,2.4520348346582868,3.047611350849657
hddm_va_vat,a,simple_followup,simple_interaction_prob_transition_at_duration_Long,-0.06157402609494827,-0.5835423031014371,0.44224331805610256
hddm_va_vat,a,simple_followup,simple_interaction_prob_transition_at_duration_Short,-0.19918185386473927,-0.6738467233014885,0.27169729844262086
hddm_va_vat,a,simple_followup,simple_main_transition_at_prob_prob_diff_duration_Long,2.771880652722311,2.4552332665803815,3.094239078980883
hddm_va_vat,a,simple_followup,simple_main_transition_at_prob_prob_diff_duration_Short,2.447589784777092,2.155401689364744,2.749371760926717
hddm_va_vat,a,simple_followup,simple_main_transition_at_prob_prob_same_duration_Long,2.83345467881726,2.4142113154593807,3.2846068071787307
hddm_va_vat,a,simple_followup,simple_main_transition_at_prob_prob_same_duration_Short,2.6467716386418316,2.259641571230397,3.045437236560524
