parcel,network,g1,g2,is_sn
0,Vis,-0.01492540676324175,0.0064099220568601505,False
1,Vis,-0.03525353498289303,6.352534333152493e-05,False
2,Vis,-0.07423914511437216,0.018913914933437925,False
3,Vis,-0.05288723368618855,0.012035032724185475,False
4,Vis,-0.059218809858820776,-0.01500628056026075,False
5,Vis,-0.06576739313205375,-0.013185336666474475,False
6,Vis,-0.0977775224838728,0.0208472468624775,False
7,Vis,-0.128200508215276,0.0213008158974637,False
8,Vis,-0.13190920807853387,0.0294979623559479,False
9,Vis,-0.050218611421347925,-0.030932619906347998,False
10,Vis,-0.12153836512853922,0.028875706726241325,False
11,Vis,-0.12346282552204475,0.03528990979625893,False
12,Vis,-0.13565315510185275,0.033337289094718524,False
13,Vis,-0.09392470670208761,0.026151060832865523,False
14,Vis,-0.05291685388111505,-0.02319875382979545,False
15,Vis,-0.018914723409350676,0.007823833672003,False
16,Vis,-0.12992382598042548,0.03222367182618512,False
17,Vis,-0.09064196429647287,0.0259070248274841,False
18,Vis,-0.12614511415653756,0.032202012510741326,False
19,Vis,-0.11849890784085351,0.02335964752750665,False
20,Vis,-0.04086276412656255,-0.003016999039180775,False
21,Vis,-0.09319258317726345,0.012141943705226576,False
22,Vis,-0.06984290786345837,0.0212185033448159,False
23,Vis,-0.06475422847723895,-0.01474428944453105,False
24,Vis,-0.13455877742991612,0.03863091581200817,False
25,Vis,-0.06634649492663998,0.0051055236550340746,False
26,Vis,-0.12348319373743022,0.034139654564675624,False
27,Vis,-0.13109658877251507,0.0275015810892601,False
28,Vis,-0.0425697601672495,0.0019017225618251001,False
29,Vis,-0.13880668941021992,0.0361140311279355,False
30,Vis,-0.0368719243134133,-0.005651928044094675,False
31,Vis,-0.11168281318156863,0.03652031609690383,False
32,Vis,-0.13526272554125807,0.03883363083318823,False
33,Vis,-0.06660681861835045,-0.008613378087693276,False
34,Vis,-0.1421940063988688,0.0413750016398085,False
35,Vis,-0.1330221402760257,0.03676625538348785,False
36,Vis,-0.0677811001150829,-0.012774415487514875,False
37,Vis,-0.1333126376620594,0.0360641141473785,False
38,Vis,-0.10581381497941694,0.029696806284609224,False
39,Vis,-0.13801285246954947,0.037171303891955526,False
40,Vis,-0.07705835876329242,0.025821539527815674,False
41,Vis,-0.14335652454167258,0.04281075265023933,False
42,Vis,-0.058076458825939925,-0.00045834867412875013,False
43,Vis,-0.14523425568945625,0.04122311315729365,False
44,Vis,-0.0685551675352452,0.015388832141716574,False
45,Vis,-0.14211536641574501,0.042546754260535447,False
46,Vis,-0.1162824193291322,0.018495057110224724,False
47,Vis,-0.024323195764076322,0.002004045167231273,False
48,Vis,-0.08410403263539862,0.023017022627602125,False
49,Vis,-0.14014069238074137,0.027183758385371626,False
50,Vis,-0.04497456314961852,-0.00719266232016255,False
51,Vis,-0.06195406144139792,0.0061770357472067244,False
52,Vis,-0.05685230695571517,-0.019707425539741176,False
53,Vis,-0.08668248163098008,0.02458965335623645,False
54,Vis,-0.08882311100899698,0.002951714768465062,False
55,Vis,-0.11014710978966037,0.014183587832738275,False
56,Vis,-0.12484468209830435,0.0207942757470219,False
57,Vis,-0.11443745615035553,0.019295442350984626,False
58,Vis,-0.04498390413013765,-0.02001057018418935,False
59,SomMot,0.030373167009339525,0.004992004537759675,False
60,SomMot,-0.012530359579647224,0.0027559513020441,False
61,SomMot,0.01562660097521025,0.008273705300680625,False
62,SomMot,0.02221613587213055,0.009755914294905226,False
63,SomMot,0.05094546974469737,0.017321526413832326,False
64,SomMot,0.0787498192467514,0.030609428889048773,False
65,SomMot,0.039571744644270476,0.017351500494798024,False
66,SomMot,0.08048594027348155,0.029359819132744824,False
67,SomMot,0.05951214090426742,0.010298886560286075,False
68,SomMot,0.06524464698243147,0.016339219381900125,False
69,SomMot,0.06176693168312222,0.01624312023132535,False
70,SomMot,0.05499150121535408,0.017022733457622827,False
71,SomMot,0.0621013432460272,0.0064617838694892,False
72,SomMot,0.07558711367009423,0.013263542159744325,False
73,SomMot,0.061232030987165426,0.031729012243612575,False
74,SomMot,0.06607527560096838,0.003052543871213475,False
75,SomMot,0.04993267377422445,0.00599915989215425,False
76,SomMot,0.07364175030510788,0.0038974385588716252,False
77,SomMot,0.06797089929854705,0.024014102117361824,False
78,SomMot,0.061235472851100696,0.012433983509084525,False
79,SomMot,0.0206891378189503,0.01686310482249905,False
80,SomMot,0.020935679860084502,0.004808550006780425,False
81,SomMot,0.0531974772216561,-0.008597021688689225,False
82,SomMot,-0.0138981227422305,0.00881565041376845,False
83,SomMot,0.07386191825125403,0.03311593672970532,False
84,SomMot,0.06285061524432585,0.012911423859799698,False
85,SomMot,0.045447724546838326,0.010579631237566825,False
86,SomMot,0.05077137469297152,0.0161163399426672,False
87,SomMot,0.041700446983244176,0.027015336639866525,False
88,SomMot,-0.024250335369096175,0.01427987613101945,False
89,SomMot,0.08215212887401935,0.01712560963068595,False
90,SomMot,0.06409573053416512,0.018408130849019325,False
91,SomMot,0.06544196800192639,0.03393728249697968,False
92,SomMot,0.03017945331280995,0.014501396294650026,False
93,SomMot,0.0535959488851269,0.015450907917868675,False
94,SomMot,0.06515619972079081,0.02271696026136985,False
95,SomMot,0.0018957911225693249,0.005093330703051975,False
96,SomMot,0.0639083633058334,0.03202106427359455,False
97,SomMot,0.02574206427791585,0.020149013248747676,False
98,SomMot,0.050745688182792126,0.0178508605082904,False
99,SomMot,0.05489580580673173,0.0069224560784774,False
100,SomMot,0.06798031562013421,0.030771718179006452,False
101,SomMot,0.044029529409930226,0.0095192755056338,False
102,SomMot,0.054459789833095525,0.025219686899747424,False
103,DorsAttn,-0.011269787887031875,-0.005594043256837549,False
104,DorsAttn,-0.021387236019242,-0.015763148231816827,False
105,DorsAttn,-0.03986197375799003,-0.009348986808118274,False
106,DorsAttn,-0.04777304403853683,-0.02880854162461495,False
107,DorsAttn,-0.026581185568031126,-0.041100610828242325,False
108,DorsAttn,-0.015133057339373299,-0.03816199648310958,False
109,DorsAttn,-0.013758596871894426,-0.012477032798557875,False
110,DorsAttn,0.01378847844508505,0.0172109406449621,False
111,DorsAttn,-0.0277512706928496,0.01656767872535095,False
112,DorsAttn,-0.027218265154063025,-0.001974248406139075,False
113,DorsAttn,-0.0328580681913564,-0.01167492267858285,False
114,DorsAttn,-0.03538222647507953,-0.01196405353628655,False
115,DorsAttn,-0.037160900659326354,-0.0377345432671174,False
116,DorsAttn,-0.04599555837917507,-0.0366083187729116,False
117,DorsAttn,0.0833558442261286,0.0084642490990035,False
118,DorsAttn,-0.0497776940586993,-0.00128086640007185,False
119,DorsAttn,-0.023069030493478124,-0.0793914840915473,False
120,DorsAttn,0.0713066236510772,-0.008133355974408075,False
121,DorsAttn,0.07695144319807512,0.0014225552018558249,False
122,DorsAttn,0.058493140532932274,-0.04332776104564655,False
123,DorsAttn,0.05881963641460045,-0.0453242221476508,False
124,DorsAttn,-0.0128402714447547,-0.057928586664958676,False
125,DorsAttn,-0.03875964296898625,-0.02482965572516195,False
126,DorsAttn,0.07229425599086173,-0.009616708270727374,False
127,DorsAttn,-0.03470106863366128,-0.030231698826170376,False
128,DorsAttn,0.0719354774719863,0.005410210503617599,False
129,DorsAttn,-0.0114499457238469,-0.04381484213865192,False
130,DorsAttn,0.016932027767436474,-0.059609740465776474,False
131,DorsAttn,-0.0127152927387749,-0.030275058786946175,False
132,DorsAttn,-0.018216573075144026,-0.05764415160714705,False
133,DorsAttn,0.07232984587139138,0.0056270708292925,False
134,DorsAttn,-0.00512286181583595,-0.03474045006512045,False
135,DorsAttn,-0.0099984177556531,-0.0302801609439578,False
136,DorsAttn,0.0079833437367068,-0.0513016603433912,False
137,DorsAttn,0.0644619859018082,0.012753956926761125,False
138,DorsAttn,0.036334045095578325,-0.043224265079347124,False
139,DorsAttn,0.00266041429027895,-0.0293885738232012,False
140,DorsAttn,0.0031927186923301747,-0.020694991973256725,False
141,DorsAttn,0.021693121358121924,-0.012959255279227474,False
142,DorsAttn,-0.0137565361425195,-0.003485802080948175,False
143,DorsAttn,0.016634890968080025,-0.0234300809729864,False
144,DorsAttn,0.01568354105198365,-0.0048950455560825504,False
145,DorsAttn,0.054142766876617024,-7.915600331750007e-05,False
146,DorsAttn,0.04351178821576815,-0.0007367874283159696,False
147,DorsAttn,0.0259675347497816,0.00921429069495575,False
148,DorsAttn,0.04814439727101208,-0.0019667335376567,False
149,DorsAttn,0.0346670405561586,-0.001737539433685225,False
150,DorsAttn,0.037912422801546324,-0.04760060671899428,False
151,DorsAttn,0.0396317901124112,-0.0340622797185135,False
152,DorsAttn,0.06739426753858715,-0.023789231660887998,False
153,DorsAttn,0.05279162070884552,-0.017847710375893326,False
154,DorsAttn,0.06756267666138957,0.0010221936744644888,False
155,DorsAttn,0.06537892407347903,0.01940645276258065,False
156,DorsAttn,0.06873903764295686,0.0008227195344664502,False
157,DorsAttn,0.07114204464423253,0.0046743558696741,False
158,DorsAttn,0.0665789428146937,0.0040612407836367,False
159,SalVentAttn,0.08001394532707548,0.03542893180872495,True
160,SalVentAttn,0.03219163498414065,0.00726612226888685,True
161,SalVentAttn,0.0637870154500807,0.027259231799370273,True
162,SalVentAttn,0.0330498503886366,0.0034036605437069,True
163,SalVentAttn,0.08242537614402493,0.02181750895763535,True
164,SalVentAttn,0.05756901738340342,0.01946436047431455,True
165,SalVentAttn,0.08326911475203941,0.01416911757220535,True
166,SalVentAttn,-0.000920303853252525,0.00735589815965895,True
167,SalVentAttn,0.021831001126665223,-0.00458511907909625,True
168,SalVentAttn,0.03131745624022575,-0.0007125300699613998,True
169,SalVentAttn,0.038389012457112175,-0.015336160664169275,True
170,SalVentAttn,0.03875459647453777,0.005617669916971075,True
171,SalVentAttn,0.04555580917041705,0.00759144647017835,True
172,SalVentAttn,0.0562771045907055,-0.0004344148726222498,True
173,SalVentAttn,0.05571361147495145,0.028041669457408075,True
174,SalVentAttn,0.04654192653666338,0.0035423402666898,True
175,SalVentAttn,0.05414344768537125,0.03281621369164482,True
176,SalVentAttn,0.07336003701596297,0.0325494243449372,True
177,SalVentAttn,0.029578642463005574,0.00428770407678285,True
178,SalVentAttn,0.06952300649307412,0.02175914027623515,True
179,SalVentAttn,0.036054284173172226,0.0176807654651955,True
180,SalVentAttn,0.07086096121794595,0.030042195953339873,True
181,SalVentAttn,0.0643516608534772,0.031698354135412825,True
182,SalVentAttn,0.0547311146631031,0.034509146760771374,True
183,SalVentAttn,0.06919424496892118,0.00709105635776865,True
184,SalVentAttn,0.06761061357955955,0.007924601793424624,True
185,SalVentAttn,0.0506085184024112,0.0127580984058914,True
186,SalVentAttn,0.019800169326001024,0.00864773236778045,True
187,SalVentAttn,0.026374347514522275,0.026037089282770275,True
188,SalVentAttn,0.044376404788192075,0.012361719801047149,True
189,SalVentAttn,0.0679040986311048,0.0366653155075334,True
190,SalVentAttn,0.05009062294230492,-0.0039141663684825745,True
191,SalVentAttn,-0.014911048177006676,0.002949393867760025,True
192,SalVentAttn,-0.029500802753108575,0.008799285895358699,True
193,SalVentAttn,0.0754117621681363,0.013335513880403351,True
194,SalVentAttn,0.019086297804067526,0.012060874002625274,True
195,SalVentAttn,-0.018915947710064877,-0.005141949463571,True
196,SalVentAttn,-0.003091888268812325,0.017334218028532074,True
197,SalVentAttn,-0.022071506374577374,0.01703593621452225,True
198,SalVentAttn,0.06357976585567908,0.0012593083408519248,True
199,SalVentAttn,0.01004162366194245,0.00707944368707945,True
200,SalVentAttn,0.057189519198043326,0.0225279565975912,True
201,SalVentAttn,0.052417333085057576,-0.00441077197797925,True
202,SalVentAttn,0.061442787874927796,0.017763236377734675,True
203,Cont,-0.07189430923155606,-0.022260404481350724,False
204,Cont,-0.0097473196612435,-0.05996102520577722,False
205,Cont,0.05355283531350383,-0.027252242449951326,False
206,Cont,0.029649674652237924,-0.04839675234437368,False
207,Cont,-0.01594686019407615,-0.0223662307525511,False
208,Cont,0.03989168286535412,-0.05319310814476895,False
209,Cont,0.01457803481026395,-0.0304964864926282,False
210,Cont,0.033501596884112424,-0.03791050178625995,False
211,Cont,-0.009408159796641275,-0.04413742610836002,False
212,Cont,0.0186849898167832,-0.05506175176084815,False
213,Cont,0.002238054258361791,-0.050301792745303824,False
214,Cont,-0.04116640546679752,-0.04733937263826583,False
215,Cont,-0.024712466486523574,-0.0278606294038677,False
216,Cont,0.028568660078354048,0.0058455331827399004,False
217,Cont,0.05499462749946095,-0.011677646304953921,False
218,Cont,0.01556371070649595,0.0018675511087327748,False
219,Cont,0.042699444450876124,0.01105477601146585,False
220,Cont,0.03488925117551338,4.375406670034997e-05,False
221,Cont,0.0076014898313871496,-0.01051835983062085,False
222,Cont,-0.00262736628685455,-0.0010638621476711,False
223,Cont,0.010166098631140024,-0.0071051094530679,False
224,Cont,-0.04708343117502903,-0.01374800391204695,False
225,Cont,-0.0468458457001916,-0.022898486098276327,False
226,Cont,-0.037403043749895074,-0.0314111552029784,False
227,Cont,-0.018900002161727124,-0.0428550300529536,False
228,Cont,-0.013127359686650525,-0.033909188472047075,False
229,Cont,-0.010078889266185276,-0.020750991497757776,False
230,Cont,-0.017732812015885,-0.02020591244358975,False
231,Cont,-0.0178060303175125,-0.026318463988426077,False
232,Cont,-0.019968473405625527,-0.014870845573727325,False
233,Cont,0.015120088867240524,-0.010859150636605325,False
234,Cont,0.04049422192363465,-0.026881589516454075,False
235,Default,-0.01984733285330905,-0.001028954994886094,False
236,Default,-0.010081173457707175,0.0066636087017539,False
237,Default,-0.010102175249554675,0.0092926007458278,False
238,Default,-0.007860472652640275,0.00939731285209595,False
239,Default,0.0149597632633141,-0.0118319283041484,False
240,Default,-0.0019431513256750249,-0.00093338921534375,False
241,Default,-0.005333050016983375,0.0013866338666335605,False
242,Default,0.0169858709604127,0.0008336527466386763,False
243,Default,0.041583450681815404,-0.01424267429346595,False
244,Default,-0.03245766452736967,-0.014186117114192575,False
245,Default,-0.042268971571368,-0.008230475656522924,False
246,Default,-0.030886831696354075,-0.011162860025007675,False
247,Default,-0.042025897333830976,-0.015129458201774025,False
248,Default,-0.019404081998846825,0.00472071261735015,False
249,Default,-0.017472249364449847,0.007881550973838976,False
250,Default,-0.014340933709839375,-0.0045333839880228,False
251,Default,-0.0392591338653121,-0.0320024503668164,False
252,Default,-0.02516718977529335,0.0015514175389472,False
253,Default,0.002990450429141675,-0.009480507252260925,False
254,Vis,-0.0425940359826559,-0.018761390114554025,False
255,Vis,-0.051500118248695,-0.04819259703415897,False
256,Vis,-0.04624919842650415,-0.021177399579938423,False
257,Vis,-0.1145104044238399,0.011904189804440675,False
258,Vis,-0.10008018890711837,0.0194310875606924,False
259,Vis,-0.08572872644909352,-0.005518387043220999,False
260,Vis,-0.13259040596817856,0.034512335245226324,False
261,Vis,-0.0985765616685713,0.019392909399546673,False
262,Vis,-0.1051734854300881,0.008816272276957476,False
263,Vis,-0.12897353702823772,0.03227786766707402,False
264,Vis,-0.016874878142913552,-0.034848792474523604,False
265,Vis,-0.0938382555999697,0.019214161043337775,False
266,Vis,-0.13690852847428747,0.03477308112578955,False
267,Vis,-0.0896731105467321,0.00283229170426565,False
268,Vis,-0.12095283196964252,0.027998260884522126,False
269,Vis,-0.07765301031816055,0.018644770270275175,False
270,Vis,-0.10847534752115973,0.022044768773338625,False
271,Vis,-0.03329018342793965,-0.0006583372528573751,False
272,Vis,-0.1337572286448445,0.0314473760314181,False
273,Vis,-0.0369812590844702,-0.0055055738276688,False
274,Vis,-0.12774291216356667,0.03229373926426285,False
275,Vis,-0.11321869566298327,0.036194027741547924,False
276,Vis,-0.0203214094683425,-0.004542570075685575,False
277,Vis,-0.1353816298256805,0.035889759528562104,False
278,Vis,-0.042670166542635175,-0.010829459312380801,False
279,Vis,-0.05451633961101005,0.00523647063072185,False
280,Vis,-0.10098444067551163,0.02530099606423275,False
281,Vis,-0.06911244565415403,0.00549113350439435,False
282,Vis,-0.13624367940892865,0.03916190882978478,False
283,Vis,-0.06650453823355053,-0.01072910311785895,False
284,Vis,-0.09545665806416326,-0.0011414777613220001,False
285,Vis,-0.028588895420870827,-0.0023803302627231748,False
286,Vis,-0.14232605323646286,0.03863414100364905,False
287,Vis,-0.14191437679295202,0.04285533619758733,False
288,Vis,-0.07865323582197722,-0.003359439702275825,False
289,Vis,-0.02203197500723825,0.00709287579992475,False
290,Vis,-0.0907189414063166,0.0010082592654044,False
291,Vis,-0.13750905396038965,0.03278347644924215,False
292,Vis,-0.06280562807129712,-0.011504561452474825,False
293,Vis,-0.13031223262079106,0.03240288995919935,False
294,Vis,-0.07851426410925345,0.0018772637792522251,False
295,Vis,-0.10117664519095007,0.025725387339647774,False
296,Vis,-0.1454104721461506,0.0438593646977136,False
297,Vis,-0.07187125076967743,-0.0007146734366821189,False
298,Vis,-0.12246852236605632,0.03202553786336588,False
299,Vis,-0.1175146226184664,0.023951080623145826,False
300,Vis,-0.06629771131090552,0.015634882298727375,False
301,Vis,-0.04229912904620195,-0.01342218334733055,False
302,Vis,-0.11198399639691095,0.012445688553688,False
303,Vis,-0.03511553261102375,-0.00370990113670295,False
304,Vis,-0.02514894394619245,-0.025531395722524126,False
305,Vis,-0.11451438376835793,0.02450846300451025,False
306,Vis,-0.06440737392917185,0.008264610955604875,False
307,Vis,-0.07627542189139755,-0.010259606200412925,False
308,Vis,-0.07816352671371375,0.007676036551792025,False
309,SomMot,0.016325869463280424,0.009887368105208424,False
310,SomMot,-0.005759279991661349,0.00146174680330565,False
311,SomMot,0.04166059245422508,0.00976336552768995,False
312,SomMot,0.031633694469378075,0.03128689939355005,False
313,SomMot,0.04822074222182227,0.029534700892183352,False
314,SomMot,0.0478107651890612,0.016645056322637925,False
315,SomMot,0.020285560927720676,0.021105529467736025,False
316,SomMot,0.0500494538829524,0.03942354868503198,False
317,SomMot,0.07101176136053602,0.021270305352591074,False
318,SomMot,0.02083468639864855,0.023865770537671898,False
319,SomMot,-0.0068697617494109,-0.0036040912365237748,False
320,SomMot,0.019516989958010877,0.01058818762468285,False
321,SomMot,0.04599363946555893,0.0300699857755883,False
322,SomMot,0.05332608934947632,0.0404811365814622,False
323,SomMot,0.0403192921078611,0.039392778496286224,False
324,SomMot,0.07283002150401074,0.043975584796147625,False
325,SomMot,0.05265885582398645,0.028480475499965976,False
326,SomMot,0.06302707788195963,0.031597957609655,False
327,SomMot,0.07085868197728623,0.04286577943879723,False
328,SomMot,0.05600802572615355,0.0117044539048183,False
329,SomMot,0.05325134866765795,0.020466215579518676,False
330,SomMot,0.07050348183442826,0.0100498264838442,False
331,SomMot,0.0787501346768536,0.020709757136506177,False
332,SomMot,0.062351983150192525,0.022213260529875375,False
333,SomMot,0.0566870860995255,0.0313232990536937,False
334,SomMot,0.015446717332942849,0.0129109206334368,False
335,SomMot,0.08305327303383403,0.0209387472805561,False
336,SomMot,0.0627936067956833,0.045744796468139524,False
337,SomMot,0.059033492317371275,0.02490156075923375,False
338,SomMot,0.03649730364688178,0.013396008586372651,False
339,SomMot,0.03195536963066312,0.0276330882871942,False
340,SomMot,0.07515207414113932,0.023089249125765827,False
341,SomMot,0.0022988695031667,0.012806167335453075,False
342,SomMot,0.07098076812504844,0.0397758970627198,False
343,SomMot,0.07921122336431387,0.021316078410343026,False
344,SomMot,0.04061492662059987,0.0278173048570177,False
345,SomMot,-0.007050960566472025,0.005076576880690675,False
346,SomMot,0.0641760659220283,0.024334171675360478,False
347,SomMot,0.044058531261803355,0.0436086473456675,False
348,SomMot,0.028755786715136674,0.025932132905731375,False
349,SomMot,0.027207445557199325,0.030146801473981175,False
350,SomMot,0.04773231761440365,0.03946717489103518,False
351,SomMot,0.06769783290004278,0.022535965120957274,False
352,SomMot,0.03252807847062105,0.02546224070059145,False
353,SomMot,0.03655582952502085,0.027199721778598022,False
354,SomMot,0.0793843124324045,0.0179173129834466,False
355,SomMot,0.051137041102964395,0.021550665327679,False
356,SomMot,0.05059358808690865,0.039668040966931675,False
357,SomMot,0.0276148518238335,0.03498224423481872,False
358,SomMot,0.04507286405041095,0.028824083756618823,False
359,SomMot,0.031179170746886226,0.027489768749589548,False
360,SomMot,0.053483445939486673,0.02874296935152295,False
361,SomMot,0.0304189189792849,0.02530084766161005,False
362,SomMot,-0.012431753874457425,0.01375296556158705,False
363,SomMot,0.03535059855649645,0.02791609480872,False
364,SomMot,-0.009640112935670925,0.01361204264691035,False
365,SomMot,0.05795473758455775,0.024710240570184575,False
366,SomMot,0.04850986470536045,0.02718047826270205,False
367,SomMot,0.009589337230691351,0.015785006539507675,False
368,SomMot,0.0364951412723573,0.025052002722287525,False
369,SomMot,0.030727701489662224,0.01778277026668965,False
370,SomMot,0.04066579061533815,0.021429795018400925,False
371,SomMot,0.0811119279809075,0.017785747454018275,False
372,SomMot,0.0531286092564914,0.042388468184904174,False
373,SomMot,0.05306415998713515,0.029915333026601924,False
374,SomMot,0.025689187385284376,0.024054167805350073,False
375,SomMot,0.052152756799122096,0.03664876008501135,False
376,SomMot,0.044582940059870846,0.025618769111203626,False
377,SomMot,0.06723953797792333,0.028668286303404476,False
378,SomMot,0.06725112065646693,0.034024639547659476,False
379,SomMot,0.03505076171919287,0.018564551534734373,False
380,SomMot,0.04087698647347908,0.02773232631071265,False
381,SomMot,0.0490782452468298,0.025931986181977673,False
382,SomMot,0.0214971115956242,0.027051547970173874,False
383,DorsAttn,-0.02032839115963755,-0.01441855648805785,False
384,DorsAttn,-0.027782110148923927,-0.047311738661033276,False
385,DorsAttn,-0.0333603485592419,-0.055716524565469425,False
386,DorsAttn,-0.02393480295169235,-0.04518803950050952,False
387,DorsAttn,-0.0035344734469038496,-0.01208294833048805,False
388,DorsAttn,-0.0016959672746731,-0.002997507451514675,False
389,DorsAttn,-0.012841707689967424,-0.0032004508449216752,False
390,DorsAttn,-0.04243263516958723,-0.001740568426059775,False
391,DorsAttn,-0.030540406206314825,0.0029926901787439,False
392,DorsAttn,-0.05615826073381935,-0.00848980232649481,False
393,DorsAttn,-0.029624265806174672,-0.004832976266956325,False
394,DorsAttn,-0.04637925052449575,-0.028470335277871576,False
395,DorsAttn,0.07784566773191835,0.02561712687787385,False
396,DorsAttn,-0.0276922182934315,-0.07364061896547089,False
397,DorsAttn,-0.029493162412294875,-0.0587646896699919,False
398,DorsAttn,0.08076041597111425,0.0094155732386002,False
399,DorsAttn,0.0337100935687176,-0.031044407264065522,False
400,DorsAttn,-0.02188286623356095,-0.08311328970259418,False
401,DorsAttn,0.03745442477266215,-0.05208448666478467,False
402,DorsAttn,-0.07396227258301089,-0.020391748817090025,False
403,DorsAttn,-0.0350158555174691,-0.028088996031237826,False
404,DorsAttn,0.0550240917619156,-0.018667555640930526,False
405,DorsAttn,-0.018484164835403348,-0.08901223470564765,False
406,DorsAttn,0.055736069272459846,-0.0217604418520931,False
407,DorsAttn,0.06454168452264007,0.002401837465401125,False
408,DorsAttn,-0.026366673867823976,-0.049985989281385125,False
409,DorsAttn,0.07193070068383907,0.0075883256775828006,False
410,DorsAttn,-0.017300121971188975,-0.09074631300626634,False
411,DorsAttn,0.07435252248560947,0.01414327919340625,False
412,DorsAttn,0.04549115746106558,-0.0089540795906442,False
413,DorsAttn,0.014151625905346901,-0.04065386865127243,False
414,DorsAttn,-0.024710332224631575,-0.031528792681762396,False
415,DorsAttn,0.036813326031455575,-0.0152465750318928,False
416,DorsAttn,0.06942622164991925,0.0226340407007556,False
417,DorsAttn,0.061020817162107104,0.022650500650756324,False
418,DorsAttn,0.010739290179291,-0.052483776790157574,False
419,DorsAttn,-0.016945775479089875,-0.051094322706412926,False
420,DorsAttn,-0.009617223311261174,-0.030727716276988625,False
421,DorsAttn,0.0046535820443147505,-0.06738637926023636,False
422,DorsAttn,-0.015305241221902575,-0.021678664629182977,False
423,DorsAttn,0.046579169435154,0.003314355342403625,False
424,DorsAttn,0.04845416898315787,0.0074245092554959,False
425,DorsAttn,0.027577532916202775,0.0107407369397425,False
426,DorsAttn,0.0103114660605343,-0.00660901512855325,False
427,DorsAttn,0.018935449152944678,-0.008560089423373225,False
428,DorsAttn,0.024668660830757298,0.0121809957141075,False
429,DorsAttn,0.05661476607217963,0.012397518453244799,False
430,DorsAttn,0.045635420775923925,0.010234577968759874,False
431,DorsAttn,0.05471118004098403,0.0163901449623035,False
432,DorsAttn,0.04261618269119127,0.01707964823652825,False
433,DorsAttn,0.047850230269630575,0.031779352063487476,False
434,DorsAttn,0.04782637641742923,0.011769095479924075,False
435,DorsAttn,0.037333533794002796,-0.0342883348379982,False
436,DorsAttn,0.04523378364071717,-0.02847500755362965,False
437,DorsAttn,0.07631391707673373,0.020440691307148352,False
438,DorsAttn,0.06305320018265445,0.002609489161035825,False
439,DorsAttn,0.062449828592240623,0.0060639778366436,False
440,DorsAttn,0.04647721274958315,0.00384910805154165,False
441,DorsAttn,0.0089027668591939,-0.0432294476203333,False
442,DorsAttn,0.07566714451638483,0.018446260797526776,False
443,SalVentAttn,-0.014282382812736475,-0.000267964254344325,True
444,SalVentAttn,-0.003871459949840917,0.00903540047093305,True
445,SalVentAttn,-0.008816085379450925,-0.0006411655913252001,True
446,SalVentAttn,-0.012100827096356376,0.0018331930000550748,True
447,SalVentAttn,-0.0184561353981358,-0.007872407789648775,True
448,SalVentAttn,0.043290149403014226,0.017298996201408075,True
449,SalVentAttn,0.0491847128405701,0.046767123458400124,True
450,SalVentAttn,0.009549659395842,0.002337536616451025,True
451,SalVentAttn,0.06115439524396632,0.049134816566605254,True
452,SalVentAttn,0.0550680319565437,0.031704449530983225,True
453,SalVentAttn,0.08103468018135278,0.032423696419511476,True
454,SalVentAttn,0.0522117747480282,0.029818240823589824,True
455,SalVentAttn,0.017253127355471652,0.005621359635853425,True
456,SalVentAttn,0.06260840011413293,0.03756758249815963,True
457,SalVentAttn,0.0512139708974863,0.0130690197835934,True
458,SalVentAttn,0.0663006791805046,0.024118332776247774,True
459,SalVentAttn,0.0118148967312951,0.00481605209182665,True
460,SalVentAttn,0.07039017557035668,0.009357522004568925,True
461,SalVentAttn,0.0608594007171172,0.01691888991634755,True
462,SalVentAttn,0.03441006146320255,0.017181722460126024,True
463,SalVentAttn,0.035387958985676704,-0.00350132715187925,True
464,SalVentAttn,0.0479409385418483,0.02527410196328,True
465,SalVentAttn,0.0324233727740718,0.0076572184224584505,True
466,SalVentAttn,0.047734259599368174,0.027111282881021048,True
467,SalVentAttn,0.052807151426928475,0.0065263880019035755,True
468,SalVentAttn,0.030715460680620324,0.0049861918384239,True
469,SalVentAttn,0.053408569715591825,0.03671915383579372,True
470,SalVentAttn,0.0294140008998503,-0.0070829212603158,True
471,SalVentAttn,0.0511423743871854,0.01750942011472685,True
472,SalVentAttn,0.03788856094456662,0.016389896611103877,True
473,SalVentAttn,0.06802291284751795,0.039425008283234794,True
474,SalVentAttn,0.0443710114399153,0.0278195022512486,True
475,SalVentAttn,0.06993813717984802,0.0378191107892876,True
476,SalVentAttn,0.055154545287927875,0.018195887160052375,True
477,SalVentAttn,0.053915837381783724,0.04415348812003553,True
478,SalVentAttn,0.07233916274118725,0.0241891671566238,True
479,SalVentAttn,0.07188611900080083,0.024750396067209274,True
480,SalVentAttn,0.03064946816942055,0.0047705215474842,True
481,SalVentAttn,0.024895185560910575,0.001950488728940825,True
482,SalVentAttn,0.028531768448004226,0.01467866452414205,True
483,SalVentAttn,0.0524113064364822,0.029793795675085652,True
484,SalVentAttn,0.048408392172533246,0.024390780457599376,True
485,SalVentAttn,0.02438681606461795,-0.00018876502197859242,True
486,SalVentAttn,0.06907910492103816,0.02709366963566295,True
487,SalVentAttn,0.0184005047690845,0.0137047825276781,True
488,SalVentAttn,0.0267360237936222,0.021467684962587802,True
489,SalVentAttn,0.015667797114094776,0.014639773488425125,True
490,SalVentAttn,0.03410657021386935,0.0260620464107102,True
491,SalVentAttn,-0.01067554539508525,0.00220413321717635,True
492,SalVentAttn,0.03420452579366345,-0.01362507977510105,True
493,SalVentAttn,0.041361550037221,0.036708760027799374,True
494,SalVentAttn,-0.010998947097460875,0.0009987811919945002,True
495,SalVentAttn,-0.0080536442869831,0.017849564188989173,True
496,SalVentAttn,0.03361843888910172,-0.0033418662708717753,True
497,SalVentAttn,-0.008580914205096275,0.010082403753010375,True
498,SalVentAttn,0.06951998744247972,0.034691452704831746,True
499,SalVentAttn,0.027833440969752127,0.020391747916248402,True
500,SalVentAttn,0.052536541347272925,0.007905065592572875,True
501,SalVentAttn,0.06747457177893595,0.02065360547055165,True
502,Cont,0.031906706077601925,0.0102442154169722,False
503,Cont,0.01979447155144485,-0.025853493493422326,False
504,Cont,0.017055775208150426,-0.0580290297969154,False
505,Cont,0.015316162377706475,-0.03543270684484145,False
506,Cont,0.005755852204811875,-0.024486274773898052,False
507,Cont,0.0086460449050911,-0.0128389044505288,False
508,Cont,0.017383571597702926,-0.061332241290819475,False
509,Cont,0.03325560569853558,-0.056891690860314974,False
510,Cont,0.0149373761655315,-0.0395591278720645,False
511,Cont,-0.0128194535229431,-0.01251619852090755,False
512,Cont,0.0027874844940830113,-0.0022529769918368,False
513,Cont,0.004958452868276412,-0.020903892580808076,False
514,Cont,0.006842431790677775,-0.00035650731048114995,False
515,Cont,0.00843019306803555,-0.0069774365020310505,False
516,Cont,-0.012986346840938325,-0.003631863645617725,False
517,Cont,0.048109104223885125,2.1451747680724647e-05,False
518,Cont,0.031109627660483974,0.0017672290473744758,False
519,Cont,-0.004878434250921025,-0.028653501072759324,False
520,Cont,-0.004218956124947275,-0.035942904258402575,False
521,Cont,0.01034482219330905,0.0016394568309197502,False
522,Cont,-0.00815241487186115,-0.011705331970062,False
523,Cont,0.039928850062519526,-0.00564262439132345,False
524,Cont,-0.005334750484074675,-0.024093883184861376,False
525,Cont,-0.01064959774917175,-0.048562771127877324,False
526,Cont,-0.009656508790229475,-0.042316221688569626,False
527,Cont,0.005366342765554375,-0.00785657196665285,False
528,Cont,0.021236797627383848,-0.027061968819031848,False
529,Cont,0.02720753849477785,-0.027984929877961424,False
530,Cont,0.029381197575709353,0.00342158939663255,False
531,Cont,0.05806566722218705,-0.0223603872412789,False
532,Cont,-0.0574034668258479,-0.015815269621428575,False
533,Cont,-0.06595530967563384,-0.02043540618640475,False
534,Cont,-0.030194749666531673,-0.055814555660684446,False
535,Cont,0.002572964261341025,-0.008831185472473699,False
536,Cont,-0.013851549407481074,-0.0234091535874931,False
537,Cont,-0.014116371550335849,-0.009016772571322426,False
538,Cont,0.02264399008046885,0.004862050291969425,False
539,Cont,0.018101404914088674,-0.000904110746873325,False
540,Cont,0.027637363967168226,-0.015262765425847024,False
541,Default,-0.007461433021460625,0.0017989788578104998,False
542,Default,-0.018541351177692126,-0.0007445588101104,False
543,Default,-0.024898969198431726,-0.004797744563462224,False
544,Default,-0.02364461576693455,-0.003756094373123925,False
545,Default,-0.023517505349623852,-0.003311015718722525,False
546,Default,-0.02522759981653905,-0.0076080930293276,False
547,Default,-0.018460125037223177,-0.004309278033169125,False
548,Default,-0.024552485121959823,-0.002955816543063907,False
549,Default,-0.01869651849299365,0.000977815623965625,False
550,Default,-0.01642666356810735,0.001268229220934,False
551,Default,-0.00709169386883785,-0.0036269477563284497,False
552,Default,-0.014565380932865076,-0.0006369687911277342,False
553,Default,-0.00906324846229325,-0.00047816455925702497,False
554,Default,-0.00093571471794805,-0.000247767891635075,False
555,Default,-0.0245389195332606,0.009895990530515575,False
556,Default,0.00914191071197625,-0.006028325259564875,False
557,Default,0.038682134824270846,-0.01071529509675995,False
558,Default,-0.042284527153137026,-0.014479086358370325,False
559,Default,-0.011966922417610774,-0.016171050212307476,False
560,Default,-0.0375922755038617,-0.03097963050841055,False
561,Default,-0.02360782341724035,-0.05900712424705575,False
562,Cont,-0.003262384913065275,0.0034406046482558,False
