subject,global_modularity_auc
sub-001,0.1293925778012633
sub-002,0.1260736365592106
sub-003,0.1322010759052373
sub-004,0.1355070254551419
sub-005,0.1295980917217657
sub-006,0.1139095451563088
sub-007,0.1340428766318349
sub-008,0.121690870618569
sub-009,0.1346065039690614
sub-010,0.1241261924920391
sub-011,0.1475177444835223
sub-012,0.1404772771427652
sub-013,0.1434726558857889
sub-014,0.1188441199615205
sub-015,0.1412327142680101
sub-016,0.1264668493223129
sub-017,0.11603831467667
sub-018,0.125421085355157
sub-019,0.1316083222780341
sub-020,0.1368577811944499
sub-021,0.1357978529068248
sub-022,0.1167072137547542
sub-023,0.1289094711721598
sub-024,0.1323668199760896
sub-025,0.1350828860590367
sub-026,0.1271796244953746
sub-027,0.1359453174358089
sub-028,0.1182047121035243
sub-029,0.1365428371486148
sub-030,0.1347286289132384
sub-031,0.126133512103412
sub-032,0.1234404220671683
sub-033,0.1383781483451798
sub-034,0.1391152443397909
sub-035,0.1306927200880167
sub-036,0.1353067681824868
sub-037,0.1366092379546929
sub-038,0.1395644946724866
sub-039,0.1442555713647799
sub-040,0.124471085076008
sub-041,0.1430436374058868
sub-042,0.1245539317711566
sub-043,0.1286191978387461
