subject,lesion_lambda,Q_intact_auc,Q_lesion_null_auc,deltaQ_null_auc,k_lesioned,k_roi_pool
sub-001,0.0,0.1293925778012633,0.1293925778012633,0.0,0.0,103.0
sub-001,0.1,0.1293925778012633,0.1299899711965887,-0.0005973933953254,10.0,103.0
sub-001,0.2,0.1293925778012633,0.1291901340770312,0.000202443724232,21.0,103.0
sub-001,0.3,0.1293925778012633,0.1303386534712965,-0.0009460756700332,31.0,103.0
sub-001,0.4,0.1293925778012633,0.1305041889592612,-0.0011116111579979,41.0,103.0
sub-001,0.5,0.1293925778012633,0.1308636221752907,-0.0014710443740274,52.0,103.0
sub-001,0.6,0.1293925778012633,0.1297375919454599,-0.0003450141441966,62.0,103.0
sub-001,0.7,0.1293925778012633,0.1276312221805024,0.0017613556207608,72.0,103.0
sub-001,0.8,0.1293925778012633,0.1278976144516237,0.0014949633496395,82.0,103.0
sub-001,0.9,0.1293925778012633,0.1256058146139572,0.003786763187306,93.0,103.0
sub-001,1.0,0.1293925778012633,0.1252226752094979,0.0041699025917653,103.0,103.0
sub-002,0.0,0.1260736365592106,0.1260736365592106,0.0,0.0,103.0
sub-002,0.1,0.1260736365592106,0.1260461076812167,2.7528877993870937e-05,10.0,103.0
sub-002,0.2,0.1260736365592106,0.125448021669123,0.0006256148900875,21.0,103.0
sub-002,0.3,0.1260736365592106,0.1260355874547717,3.804910443885867e-05,31.0,103.0
sub-002,0.4,0.1260736365592106,0.1261782156277548,-0.0001045790685442,41.0,103.0
sub-002,0.5,0.1260736365592106,0.1263951837639518,-0.0003215472047412,52.0,103.0
sub-002,0.6,0.1260736365592106,0.1266825869164645,-0.0006089503572538,62.0,103.0
sub-002,0.7,0.1260736365592106,0.1265584361141418,-0.0004847995549312,72.0,103.0
sub-002,0.8,0.1260736365592106,0.1269645995267568,-0.0008909629675462,82.0,103.0
sub-002,0.9,0.1260736365592106,0.1259514862689063,0.0001221502903042,93.0,103.0
sub-002,1.0,0.1260736365592106,0.1268208959548862,-0.0007472593956756,103.0,103.0
sub-003,0.0,0.1322010759052373,0.1322010759052373,0.0,0.0,103.0
sub-003,0.1,0.1322010759052373,0.1322448663806817,-4.379047544439407e-05,10.0,103.0
sub-003,0.2,0.1322010759052373,0.1321822245475861,1.8851357651200606e-05,21.0,103.0
sub-003,0.3,0.1322010759052373,0.1320733987734423,0.000127677131795,31.0,103.0
sub-003,0.4,0.1322010759052373,0.1325542761510901,-0.0003532002458528,41.0,103.0
sub-003,0.5,0.1322010759052373,0.1322947076803472,-9.363177510993136e-05,52.0,103.0
sub-003,0.6,0.1322010759052373,0.1323238150738246,-0.0001227391685873,62.0,103.0
sub-003,0.7,0.1322010759052373,0.1323831196924694,-0.0001820437872321,72.0,103.0
sub-003,0.8,0.1322010759052373,0.1325265733664369,-0.0003254974611995,82.0,103.0
sub-003,0.9,0.1322010759052373,0.1329920881559804,-0.0007910122507431,93.0,103.0
sub-003,1.0,0.1322010759052373,0.1329707979304126,-0.0007697220251753,103.0,103.0
sub-004,0.0,0.1355070254551419,0.1355070254551419,0.0,0.0,103.0
sub-004,0.1,0.1355070254551419,0.1358183103560207,-0.0003112849008788,10.0,103.0
sub-004,0.2,0.1355070254551419,0.1354050786769136,0.0001019467782282,21.0,103.0
sub-004,0.3,0.1355070254551419,0.1355453554380637,-3.832998292180312e-05,31.0,103.0
sub-004,0.4,0.1355070254551419,0.1363867233989022,-0.0008796979437603,41.0,103.0
sub-004,0.5,0.1355070254551419,0.1365296283590078,-0.0010226029038659,52.0,103.0
sub-004,0.6,0.1355070254551419,0.1363199527892567,-0.0008129273341148,62.0,103.0
sub-004,0.7,0.1355070254551419,0.135715348526892,-0.0002083230717501,72.0,103.0
sub-004,0.8,0.1355070254551419,0.1353140934590384,0.0001929319961034,82.0,103.0
sub-004,0.9,0.1355070254551419,0.1343923423492556,0.0011146831058863,93.0,103.0
sub-004,1.0,0.1355070254551419,0.1347766809678799,0.0007303444872619,103.0,103.0
sub-005,0.0,0.1295980917217657,0.1295980917217657,0.0,0.0,103.0
sub-005,0.1,0.1295980917217657,0.1286593831479971,0.0009387085737685,10.0,103.0
sub-005,0.2,0.1295980917217657,0.1292707368673863,0.0003273548543793,21.0,103.0
sub-005,0.3,0.1295980917217657,0.1305743707523316,-0.0009762790305659,31.0,103.0
sub-005,0.4,0.1295980917217657,0.131068884339558,-0.0014707926177923,41.0,103.0
sub-005,0.5,0.1295980917217657,0.1309923851473489,-0.0013942934255832,52.0,103.0
sub-005,0.6,0.1295980917217657,0.1308898440337243,-0.0012917523119586,62.0,103.0
sub-005,0.7,0.1295980917217657,0.13151373194417,-0.0019156402224042,72.0,103.0
sub-005,0.8,0.1295980917217657,0.132219787746845,-0.0026216960250793,82.0,103.0
sub-005,0.9,0.1295980917217657,0.1336901100696569,-0.0040920183478912,93.0,103.0
sub-005,1.0,0.1295980917217657,0.1338585637519222,-0.0042604720301565,103.0,103.0
sub-006,0.0,0.1139095451563088,0.1139095451563088,0.0,0.0,103.0
sub-006,0.1,0.1139095451563088,0.1129327761487742,0.0009767690075345,10.0,103.0
sub-006,0.2,0.1139095451563088,0.1119439376115859,0.0019656075447228,21.0,103.0
sub-006,0.3,0.1139095451563088,0.1120465998278379,0.0018629453284708,31.0,103.0
sub-006,0.4,0.1139095451563088,0.1138865567354527,2.298842085610153e-05,41.0,103.0
sub-006,0.5,0.1139095451563088,0.1127554022898008,0.0011541428665079,52.0,103.0
sub-006,0.6,0.1139095451563088,0.114692185133879,-0.0007826399775702,62.0,103.0
sub-006,0.7,0.1139095451563088,0.1152989656904433,-0.0013894205341345,72.0,103.0
sub-006,0.8,0.1139095451563088,0.1150961022976234,-0.0011865571413146,82.0,103.0
sub-006,0.9,0.1139095451563088,0.1147781573425171,-0.0008686121862083,93.0,103.0
sub-006,1.0,0.1139095451563088,0.1173747628124038,-0.003465217656095,103.0,103.0
sub-007,0.0,0.1340428766318349,0.1340428766318349,0.0,0.0,103.0
sub-007,0.1,0.1340428766318349,0.1341066539582941,-6.377732645920786e-05,10.0,103.0
sub-007,0.2,0.1340428766318349,0.134111176641275,-6.830000944013648e-05,21.0,103.0
sub-007,0.3,0.1340428766318349,0.1344135847219517,-0.0003707080901168,31.0,103.0
sub-007,0.4,0.1340428766318349,0.1346448926310989,-0.000602015999264,41.0,103.0
sub-007,0.5,0.1340428766318349,0.1345124177680987,-0.0004695411362637,52.0,103.0
sub-007,0.6,0.1340428766318349,0.1343757868880842,-0.0003329102562493,62.0,103.0
sub-007,0.7,0.1340428766318349,0.1348537941566401,-0.0008109175248052,72.0,103.0
sub-007,0.8,0.1340428766318349,0.1354827328072393,-0.0014398561754044,82.0,103.0
sub-007,0.9,0.1340428766318349,0.134991774590972,-0.0009488979591371,93.0,103.0
sub-007,1.0,0.1340428766318349,0.1347888600534969,-0.000745983421662,103.0,103.0
sub-008,0.0,0.121690870618569,0.121690870618569,0.0,0.0,103.0
sub-008,0.1,0.121690870618569,0.1218847483212143,-0.0001938777026453,10.0,103.0
sub-008,0.2,0.121690870618569,0.1223076679209495,-0.0006167973023805,21.0,103.0
sub-008,0.3,0.121690870618569,0.1232110479653168,-0.0015201773467478,31.0,103.0
sub-008,0.4,0.121690870618569,0.1230744371421949,-0.0013835665236259,41.0,103.0
sub-008,0.5,0.121690870618569,0.121245879593997,0.0004449910245719,52.0,103.0
sub-008,0.6,0.121690870618569,0.1213397754591499,0.000351095159419,62.0,103.0
sub-008,0.7,0.121690870618569,0.1215830909749243,0.0001077796436446,72.0,103.0
sub-008,0.8,0.121690870618569,0.1214251883152413,0.0002656823033276,82.0,103.0
sub-008,0.9,0.121690870618569,0.1214933716502486,0.0001974989683203,93.0,103.0
sub-008,1.0,0.121690870618569,0.1215400407131289,0.00015082990544,103.0,103.0
sub-009,0.0,0.1346065039690614,0.1346065039690614,0.0,0.0,103.0
sub-009,0.1,0.1346065039690614,0.1343147290595828,0.0002917749094785,10.0,103.0
sub-009,0.2,0.1346065039690614,0.1343977200718577,0.0002087838972036,21.0,103.0
sub-009,0.3,0.1346065039690614,0.1343763342354432,0.0002301697336181,31.0,103.0
sub-009,0.4,0.1346065039690614,0.1344343035835983,0.000172200385463,41.0,103.0
sub-009,0.5,0.1346065039690614,0.1326244644564391,0.0019820395126222,52.0,103.0
sub-009,0.6,0.1346065039690614,0.1323724421813482,0.0022340617877131,62.0,103.0
sub-009,0.7,0.1346065039690614,0.1317679086630338,0.0028385953060275,72.0,103.0
sub-009,0.8,0.1346065039690614,0.1313838466357647,0.0032226573332967,82.0,103.0
sub-009,0.9,0.1346065039690614,0.1314324379472032,0.0031740660218581,93.0,103.0
sub-009,1.0,0.1346065039690614,0.1324631731266986,0.0021433308423627,103.0,103.0
sub-010,0.0,0.1241261924920391,0.1241261924920391,0.0,0.0,103.0
sub-010,0.1,0.1241261924920391,0.1235352679213296,0.0005909245707094,10.0,103.0
sub-010,0.2,0.1241261924920391,0.1246508264734392,-0.0005246339814001,21.0,103.0
sub-010,0.3,0.1241261924920391,0.1244316676389811,-0.000305475146942,31.0,103.0
sub-010,0.4,0.1241261924920391,0.1228922795542199,0.0012339129378191,41.0,103.0
sub-010,0.5,0.1241261924920391,0.1225320624457861,0.0015941300462529,52.0,103.0
sub-010,0.6,0.1241261924920391,0.122211928629385,0.001914263862654,62.0,103.0
sub-010,0.7,0.1241261924920391,0.1209478778097052,0.0031783146823338,72.0,103.0
sub-010,0.8,0.1241261924920391,0.1212817186634047,0.0028444738286343,82.0,103.0
sub-010,0.9,0.1241261924920391,0.1210448103005579,0.0030813821914811,93.0,103.0
sub-010,1.0,0.1241261924920391,0.1205652846448225,0.0035609078472165,103.0,103.0
sub-011,0.0,0.1475177444835223,0.1475177444835223,0.0,0.0,103.0
sub-011,0.1,0.1475177444835223,0.1473024586579573,0.0002152858255649,10.0,103.0
sub-011,0.2,0.1475177444835223,0.145858925118431,0.0016588193650912,21.0,103.0
sub-011,0.3,0.1475177444835223,0.1456187183767035,0.0018990261068187,31.0,103.0
sub-011,0.4,0.1475177444835223,0.1453896795348207,0.0021280649487016,41.0,103.0
sub-011,0.5,0.1475177444835223,0.1447780038862875,0.0027397405972348,52.0,103.0
sub-011,0.6,0.1475177444835223,0.1446045597287066,0.0029131847548156,62.0,103.0
sub-011,0.7,0.1475177444835223,0.1449801770530839,0.0025375674304383,72.0,103.0
sub-011,0.8,0.1475177444835223,0.1446411186290352,0.002876625854487,82.0,103.0
sub-011,0.9,0.1475177444835223,0.1446399881746208,0.0028777563089014,93.0,103.0
sub-011,1.0,0.1475177444835223,0.143859933700589,0.0036578107829333,103.0,103.0
sub-012,0.0,0.1404772771427652,0.1404772771427652,0.0,0.0,103.0
sub-012,0.1,0.1404772771427652,0.1410304264704912,-0.000553149327726,10.0,103.0
sub-012,0.2,0.1404772771427652,0.1402556248348951,0.00022165230787,21.0,103.0
sub-012,0.3,0.1404772771427652,0.1401260081915274,0.0003512689512377,31.0,103.0
sub-012,0.4,0.1404772771427652,0.1404893565089732,-1.2079366208062048e-05,41.0,103.0
sub-012,0.5,0.1404772771427652,0.1405833425672573,-0.0001060654244921,52.0,103.0
sub-012,0.6,0.1404772771427652,0.140219766334297,0.0002575108084681,62.0,103.0
sub-012,0.7,0.1404772771427652,0.1406018789850317,-0.0001246018422665,72.0,103.0
sub-012,0.8,0.1404772771427652,0.1407512965989312,-0.000274019456166,82.0,103.0
sub-012,0.9,0.1404772771427652,0.140938235424791,-0.0004609582820258,93.0,103.0
sub-012,1.0,0.1404772771427652,0.1402639018937391,0.000213375249026,103.0,103.0
sub-013,0.0,0.1434726558857889,0.1434726558857889,0.0,0.0,103.0
sub-013,0.1,0.1434726558857889,0.1434245884850032,4.80674007856674e-05,10.0,103.0
sub-013,0.2,0.1434726558857889,0.1427272604269507,0.0007453954588381,21.0,103.0
sub-013,0.3,0.1434726558857889,0.1424714871528559,0.0010011687329329,31.0,103.0
sub-013,0.4,0.1434726558857889,0.142295409715157,0.0011772461706318,41.0,103.0
sub-013,0.5,0.1434726558857889,0.1419352631278096,0.0015373927579792,52.0,103.0
sub-013,0.6,0.1434726558857889,0.1428462719003679,0.0006263839854209,62.0,103.0
sub-013,0.7,0.1434726558857889,0.1431401502550118,0.000332505630777,72.0,103.0
sub-013,0.8,0.1434726558857889,0.1424150970796113,0.0010575588061775,82.0,103.0
sub-013,0.9,0.1434726558857889,0.1414215672680951,0.0020510886176937,93.0,103.0
sub-013,1.0,0.1434726558857889,0.140308682599957,0.0031639732858318,103.0,103.0
sub-014,0.0,0.1188441199615205,0.1188441199615205,0.0,0.0,103.0
sub-014,0.1,0.1188441199615205,0.1212083953718004,-0.0023642754102799,10.0,103.0
sub-014,0.2,0.1188441199615205,0.1210533804430639,-0.0022092604815434,21.0,103.0
sub-014,0.3,0.1188441199615205,0.119434551093614,-0.0005904311320935,31.0,103.0
sub-014,0.4,0.1188441199615205,0.1191699575083526,-0.0003258375468321,41.0,103.0
sub-014,0.5,0.1188441199615205,0.1195666771624294,-0.0007225572009089,52.0,103.0
sub-014,0.6,0.1188441199615205,0.1216253959797237,-0.0027812760182032,62.0,103.0
sub-014,0.7,0.1188441199615205,0.1194809299416478,-0.0006368099801273,72.0,103.0
sub-014,0.8,0.1188441199615205,0.119241396191588,-0.0003972762300675,82.0,103.0
sub-014,0.9,0.1188441199615205,0.1190086957443174,-0.0001645757827969,93.0,103.0
sub-014,1.0,0.1188441199615205,0.1182049402449808,0.0006391797165396,103.0,103.0
sub-015,0.0,0.1412327142680101,0.1412327142680101,0.0,0.0,103.0
sub-015,0.1,0.1412327142680101,0.141211881551078,2.0832716932067678e-05,10.0,103.0
sub-015,0.2,0.1412327142680101,0.1417872356168947,-0.0005545213488846,21.0,103.0
sub-015,0.3,0.1412327142680101,0.1412222600718503,1.045419615977594e-05,31.0,103.0
sub-015,0.4,0.1412327142680101,0.141108554520578,0.000124159747432,41.0,103.0
sub-015,0.5,0.1412327142680101,0.1407293972631976,0.0005033170048124,52.0,103.0
sub-015,0.6,0.1412327142680101,0.1411415676037401,9.114666426995877e-05,62.0,103.0
sub-015,0.7,0.1412327142680101,0.1402015493322405,0.0010311649357696,72.0,103.0
sub-015,0.8,0.1412327142680101,0.1399003239281333,0.0013323903398767,82.0,103.0
sub-015,0.9,0.1412327142680101,0.1392945301031135,0.0019381841648965,93.0,103.0
sub-015,1.0,0.1412327142680101,0.1387236976356708,0.0025090166323392,103.0,103.0
sub-016,0.0,0.1264668493223129,0.1264668493223129,0.0,0.0,103.0
sub-016,0.1,0.1264668493223129,0.1261251797838923,0.0003416695384205,10.0,103.0
sub-016,0.2,0.1264668493223129,0.1270029365556177,-0.0005360872333048,21.0,103.0
sub-016,0.3,0.1264668493223129,0.1270803583193463,-0.0006135089970334,31.0,103.0
sub-016,0.4,0.1264668493223129,0.1272066916145585,-0.0007398422922456,41.0,103.0
sub-016,0.5,0.1264668493223129,0.1268723515984897,-0.0004055022761768,52.0,103.0
sub-016,0.6,0.1264668493223129,0.1265240194359869,-5.717011367403768e-05,62.0,103.0
sub-016,0.7,0.1264668493223129,0.1275031178461366,-0.0010362685238237,72.0,103.0
sub-016,0.8,0.1264668493223129,0.1269232980452286,-0.0004564487229157,82.0,103.0
sub-016,0.9,0.1264668493223129,0.1270644293635451,-0.0005975800412321,93.0,103.0
sub-016,1.0,0.1264668493223129,0.1268836038945068,-0.0004167545721939,103.0,103.0
sub-017,0.0,0.11603831467667,0.11603831467667,0.0,0.0,103.0
sub-017,0.1,0.11603831467667,0.1171524159264714,-0.0011141012498014,10.0,103.0
sub-017,0.2,0.11603831467667,0.1169109253861076,-0.0008726107094376,21.0,103.0
sub-017,0.3,0.11603831467667,0.1150324086148777,0.0010059060617922,31.0,103.0
sub-017,0.4,0.11603831467667,0.1164797440485332,-0.0004414293718632,41.0,103.0
sub-017,0.5,0.11603831467667,0.1171892365798343,-0.0011509219031643,52.0,103.0
sub-017,0.6,0.11603831467667,0.1178858103749705,-0.0018474956983005,62.0,103.0
sub-017,0.7,0.11603831467667,0.1178443672613567,-0.0018060525846867,72.0,103.0
sub-017,0.8,0.11603831467667,0.1187754850678504,-0.0027371703911804,82.0,103.0
sub-017,0.9,0.11603831467667,0.1195826018730709,-0.0035442871964009,93.0,103.0
sub-017,1.0,0.11603831467667,0.1208332411121235,-0.0047949264354534,103.0,103.0
sub-018,0.0,0.125421085355157,0.125421085355157,0.0,0.0,103.0
sub-018,0.1,0.125421085355157,0.1239249126097727,0.0014961727453842,10.0,103.0
sub-018,0.2,0.125421085355157,0.1226625782121576,0.0027585071429993,21.0,103.0
sub-018,0.3,0.125421085355157,0.1228734075012987,0.0025476778538582,31.0,103.0
sub-018,0.4,0.125421085355157,0.1229574561614931,0.0024636291936638,41.0,103.0
sub-018,0.5,0.125421085355157,0.1231654397438897,0.0022556456112673,52.0,103.0
sub-018,0.6,0.125421085355157,0.1229262242705004,0.0024948610846565,62.0,103.0
sub-018,0.7,0.125421085355157,0.1231395534423205,0.0022815319128364,72.0,103.0
sub-018,0.8,0.125421085355157,0.1237243941532946,0.0016966912018623,82.0,103.0
sub-018,0.9,0.125421085355157,0.125309704293773,0.0001113810613839,93.0,103.0
sub-018,1.0,0.125421085355157,0.1252668931309168,0.0001541922242401,103.0,103.0
sub-019,0.0,0.1316083222780341,0.1316083222780341,0.0,0.0,103.0
sub-019,0.1,0.1316083222780341,0.1324692927698664,-0.0008609704918323,10.0,103.0
sub-019,0.2,0.1316083222780341,0.1316913427418744,-8.302046384034423e-05,21.0,103.0
sub-019,0.3,0.1316083222780341,0.1314008800606988,0.0002074422173352,31.0,103.0
sub-019,0.4,0.1316083222780341,0.1324117834970496,-0.0008034612190155,41.0,103.0
sub-019,0.5,0.1316083222780341,0.1326254321794606,-0.0010171099014265,52.0,103.0
sub-019,0.6,0.1316083222780341,0.1319436751107504,-0.0003353528327163,62.0,103.0
sub-019,0.7,0.1316083222780341,0.1331580265107158,-0.0015497042326816,72.0,103.0
sub-019,0.8,0.1316083222780341,0.1322672635444125,-0.0006589412663784,82.0,103.0
sub-019,0.9,0.1316083222780341,0.1323895355107399,-0.0007812132327058,93.0,103.0
sub-019,1.0,0.1316083222780341,0.131561411365928,4.691091210601295e-05,103.0,103.0
sub-020,0.0,0.1368577811944499,0.1368577811944499,0.0,0.0,103.0
sub-020,0.1,0.1368577811944499,0.1353552746814122,0.0015025065130376,10.0,103.0
sub-020,0.2,0.1368577811944499,0.1362862483410317,0.0005715328534181,21.0,103.0
sub-020,0.3,0.1368577811944499,0.1350067598218707,0.0018510213725791,31.0,103.0
sub-020,0.4,0.1368577811944499,0.1339168290738951,0.0029409521205547,41.0,103.0
sub-020,0.5,0.1368577811944499,0.1319146663042632,0.0049431148901866,52.0,103.0
sub-020,0.6,0.1368577811944499,0.1315216704695787,0.0053361107248711,62.0,103.0
sub-020,0.7,0.1368577811944499,0.1317075170595186,0.0051502641349312,72.0,103.0
sub-020,0.8,0.1368577811944499,0.1317948532817983,0.0050629279126515,82.0,103.0
sub-020,0.9,0.1368577811944499,0.1320490001220371,0.0048087810724127,93.0,103.0
sub-020,1.0,0.1368577811944499,0.1304183178892434,0.0064394633052065,103.0,103.0
sub-021,0.0,0.1357978529068248,0.1357978529068248,0.0,0.0,103.0
sub-021,0.1,0.1357978529068248,0.1352988456904149,0.0004990072164098,10.0,103.0
sub-021,0.2,0.1357978529068248,0.1343869564079034,0.0014108964989213,21.0,103.0
sub-021,0.3,0.1357978529068248,0.1341621415625944,0.0016357113442303,31.0,103.0
sub-021,0.4,0.1357978529068248,0.134738108697861,0.0010597442089637,41.0,103.0
sub-021,0.5,0.1357978529068248,0.1333663207680783,0.0024315321387465,52.0,103.0
sub-021,0.6,0.1357978529068248,0.1350781180492295,0.0007197348575953,62.0,103.0
sub-021,0.7,0.1357978529068248,0.1352479613097723,0.0005498915970525,72.0,103.0
sub-021,0.8,0.1357978529068248,0.1346225754097654,0.0011752774970593,82.0,103.0
sub-021,0.9,0.1357978529068248,0.1351772355475629,0.0006206173592618,93.0,103.0
sub-021,1.0,0.1357978529068248,0.1349708144836782,0.0008270384231465,103.0,103.0
sub-022,0.0,0.1167072137547542,0.1167072137547542,0.0,0.0,103.0
sub-022,0.1,0.1167072137547542,0.1164467451834821,0.000260468571272,10.0,103.0
sub-022,0.2,0.1167072137547542,0.1140549536482862,0.0026522601064679,21.0,103.0
sub-022,0.3,0.1167072137547542,0.1140064907421978,0.0027007230125563,31.0,103.0
sub-022,0.4,0.1167072137547542,0.1138326316688553,0.0028745820858988,41.0,103.0
sub-022,0.5,0.1167072137547542,0.1127431193240342,0.0039640944307199,52.0,103.0
sub-022,0.6,0.1167072137547542,0.1121765691052788,0.0045306446494753,62.0,103.0
sub-022,0.7,0.1167072137547542,0.1112615624916012,0.0054456512631529,72.0,103.0
sub-022,0.8,0.1167072137547542,0.1086908274013582,0.0080163863533959,82.0,103.0
sub-022,0.9,0.1167072137547542,0.1073918547011899,0.0093153590535642,93.0,103.0
sub-022,1.0,0.1167072137547542,0.1055857724803432,0.0111214412744109,103.0,103.0
sub-023,0.0,0.1289094711721598,0.1289094711721598,0.0,0.0,103.0
sub-023,0.1,0.1289094711721598,0.128041335070824,0.0008681361013357,10.0,103.0
sub-023,0.2,0.1289094711721598,0.1270279221638205,0.0018815490083392,21.0,103.0
sub-023,0.3,0.1289094711721598,0.126610337687445,0.0022991334847147,31.0,103.0
sub-023,0.4,0.1289094711721598,0.1279881957411597,0.000921275431,41.0,103.0
sub-023,0.5,0.1289094711721598,0.1266987278743541,0.0022107432978056,52.0,103.0
sub-023,0.6,0.1289094711721598,0.1247924907667276,0.0041169804054321,62.0,103.0
sub-023,0.7,0.1289094711721598,0.1270918908550376,0.0018175803171221,72.0,103.0
sub-023,0.8,0.1289094711721598,0.1282149158945089,0.0006945552776508,82.0,103.0
sub-023,0.9,0.1289094711721598,0.1278847678182212,0.0010247033539385,93.0,103.0
sub-023,1.0,0.1289094711721598,0.1287886486429891,0.0001208225291706,103.0,103.0
sub-024,0.0,0.1323668199760896,0.1323668199760896,0.0,0.0,103.0
sub-024,0.1,0.1323668199760896,0.1321361417556437,0.0002306782204458,10.0,103.0
sub-024,0.2,0.1323668199760896,0.1318092771508296,0.0005575428252599,21.0,103.0
sub-024,0.3,0.1323668199760896,0.1325300546944737,-0.0001632347183841,31.0,103.0
sub-024,0.4,0.1323668199760896,0.1326122484684627,-0.0002454284923731,41.0,103.0
sub-024,0.5,0.1323668199760896,0.1336624842013269,-0.0012956642252373,52.0,103.0
sub-024,0.6,0.1323668199760896,0.1323457125585232,2.1107417566362807e-05,62.0,103.0
sub-024,0.7,0.1323668199760896,0.1311844988599551,0.0011823211161345,72.0,103.0
sub-024,0.8,0.1323668199760896,0.1323376180411144,2.9201934975187083e-05,82.0,103.0
sub-024,0.9,0.1323668199760896,0.1329625645077905,-0.0005957445317009,93.0,103.0
sub-024,1.0,0.1323668199760896,0.1326450630092587,-0.0002782430331691,103.0,103.0
sub-025,0.0,0.1350828860590367,0.1350828860590367,0.0,0.0,103.0
sub-025,0.1,0.1350828860590367,0.1336458901335944,0.0014369959254422,10.0,103.0
sub-025,0.2,0.1350828860590367,0.1336556044659626,0.001427281593074,21.0,103.0
sub-025,0.3,0.1350828860590367,0.1340687109248918,0.0010141751341448,31.0,103.0
sub-025,0.4,0.1350828860590367,0.1342731359498084,0.0008097501092282,41.0,103.0
sub-025,0.5,0.1350828860590367,0.1345630751865266,0.00051981087251,52.0,103.0
sub-025,0.6,0.1350828860590367,0.1345891386343403,0.0004937474246963,62.0,103.0
sub-025,0.7,0.1350828860590367,0.1363520875890674,-0.0012692015300307,72.0,103.0
sub-025,0.8,0.1350828860590367,0.1363753059662214,-0.0012924199071847,82.0,103.0
sub-025,0.9,0.1350828860590367,0.1373414903287321,-0.0022586042696954,93.0,103.0
sub-025,1.0,0.1350828860590367,0.1377162531139606,-0.0026333670549239,103.0,103.0
sub-026,0.0,0.1271796244953746,0.1271796244953746,0.0,0.0,103.0
sub-026,0.1,0.1271796244953746,0.1269533196467878,0.0002263048485867,10.0,103.0
sub-026,0.2,0.1271796244953746,0.1273154668765587,-0.0001358423811841,21.0,103.0
sub-026,0.3,0.1271796244953746,0.1270442031308165,0.000135421364558,31.0,103.0
sub-026,0.4,0.1271796244953746,0.1266801302476144,0.0004994942477601,41.0,103.0
sub-026,0.5,0.1271796244953746,0.1264648626712682,0.0007147618241063,52.0,103.0
sub-026,0.6,0.1271796244953746,0.1260747048090122,0.0011049196863623,62.0,103.0
sub-026,0.7,0.1271796244953746,0.1257453101742347,0.0014343143211398,72.0,103.0
sub-026,0.8,0.1271796244953746,0.1250377042940935,0.002141920201281,82.0,103.0
sub-026,0.9,0.1271796244953746,0.1247180278853337,0.0024615966100408,93.0,103.0
sub-026,1.0,0.1271796244953746,0.1232081513801218,0.0039714731152527,103.0,103.0
sub-027,0.0,0.1359453174358089,0.1359453174358089,0.0,0.0,103.0
sub-027,0.1,0.1359453174358089,0.1362694131005969,-0.0003240956647879,10.0,103.0
sub-027,0.2,0.1359453174358089,0.1344806635978293,0.0014646538379795,21.0,103.0
sub-027,0.3,0.1359453174358089,0.1340573104873241,0.0018880069484847,31.0,103.0
sub-027,0.4,0.1359453174358089,0.1348396137567501,0.0011057036790587,41.0,103.0
sub-027,0.5,0.1359453174358089,0.1340705625784615,0.0018747548573473,52.0,103.0
sub-027,0.6,0.1359453174358089,0.1333593566236287,0.0025859608121801,62.0,103.0
sub-027,0.7,0.1359453174358089,0.1331615245192707,0.0027837929165381,72.0,103.0
sub-027,0.8,0.1359453174358089,0.1331704559671484,0.0027748614686604,82.0,103.0
sub-027,0.9,0.1359453174358089,0.1328001193962441,0.0031451980395648,93.0,103.0
sub-027,1.0,0.1359453174358089,0.1326164154799218,0.003328901955887,103.0,103.0
sub-028,0.0,0.1182047121035243,0.1182047121035243,0.0,0.0,103.0
sub-028,0.1,0.1182047121035243,0.1169091809831424,0.0012955311203818,10.0,103.0
sub-028,0.2,0.1182047121035243,0.1175835520825635,0.0006211600209607,21.0,103.0
sub-028,0.3,0.1182047121035243,0.1176262800766954,0.0005784320268288,31.0,103.0
sub-028,0.4,0.1182047121035243,0.1168003004685479,0.0014044116349763,41.0,103.0
sub-028,0.5,0.1182047121035243,0.1166519818021449,0.0015527303013794,52.0,103.0
sub-028,0.6,0.1182047121035243,0.1170582544898638,0.0011464576136605,62.0,103.0
sub-028,0.7,0.1182047121035243,0.1178658359655101,0.0003388761380141,72.0,103.0
sub-028,0.8,0.1182047121035243,0.1155845576606558,0.0026201544428684,82.0,103.0
sub-028,0.9,0.1182047121035243,0.1150098793841128,0.0031948327194114,93.0,103.0
sub-028,1.0,0.1182047121035243,0.1157749624121007,0.0024297496914236,103.0,103.0
sub-029,0.0,0.1365428371486148,0.1365428371486148,0.0,0.0,103.0
sub-029,0.1,0.1365428371486148,0.1360543186583452,0.0004885184902695,10.0,103.0
sub-029,0.2,0.1365428371486148,0.1360534061618658,0.0004894309867489,21.0,103.0
sub-029,0.3,0.1365428371486148,0.1367589641326225,-0.0002161269840077,31.0,103.0
sub-029,0.4,0.1365428371486148,0.1369314232410314,-0.0003885860924166,41.0,103.0
sub-029,0.5,0.1365428371486148,0.1369309049188228,-0.000388067770208,52.0,103.0
sub-029,0.6,0.1365428371486148,0.1370758894078292,-0.0005330522592144,62.0,103.0
sub-029,0.7,0.1365428371486148,0.1367772034356855,-0.0002343662870707,72.0,103.0
sub-029,0.8,0.1365428371486148,0.1368359519347707,-0.0002931147861559,82.0,103.0
sub-029,0.9,0.1365428371486148,0.1369025650463202,-0.0003597278977054,93.0,103.0
sub-029,1.0,0.1365428371486148,0.135960212811131,0.0005826243374837,103.0,103.0
sub-030,0.0,0.1347286289132384,0.1347286289132384,0.0,0.0,103.0
sub-030,0.1,0.1347286289132384,0.1347169311729417,1.1697740296634508e-05,10.0,103.0
sub-030,0.2,0.1347286289132384,0.1346301014344728,9.852747876556987e-05,21.0,103.0
sub-030,0.3,0.1347286289132384,0.134218128770399,0.0005105001428393,31.0,103.0
sub-030,0.4,0.1347286289132384,0.1342354436836612,0.0004931852295771,41.0,103.0
sub-030,0.5,0.1347286289132384,0.1338286100688915,0.0009000188443468,52.0,103.0
sub-030,0.6,0.1347286289132384,0.1328282132580122,0.0019004156552261,62.0,103.0
sub-030,0.7,0.1347286289132384,0.133174851470174,0.0015537774430643,72.0,103.0
sub-030,0.8,0.1347286289132384,0.1329148354428915,0.0018137934703468,82.0,103.0
sub-030,0.9,0.1347286289132384,0.1328364838533894,0.0018921450598489,93.0,103.0
sub-030,1.0,0.1347286289132384,0.1327780802999343,0.001950548613304,103.0,103.0
sub-031,0.0,0.126133512103412,0.126133512103412,0.0,0.0,103.0
sub-031,0.1,0.126133512103412,0.126695776855431,-0.000562264752019,10.0,103.0
sub-031,0.2,0.126133512103412,0.1246720925001821,0.0014614196032298,21.0,103.0
sub-031,0.3,0.126133512103412,0.124659898573018,0.0014736135303939,31.0,103.0
sub-031,0.4,0.126133512103412,0.1250530473104507,0.0010804647929612,41.0,103.0
sub-031,0.5,0.126133512103412,0.1266193887516156,-0.0004858766482036,52.0,103.0
sub-031,0.6,0.126133512103412,0.1245715868756961,0.0015619252277159,62.0,103.0
sub-031,0.7,0.126133512103412,0.1249114462987467,0.0012220658046652,72.0,103.0
sub-031,0.8,0.126133512103412,0.1219870135786809,0.0041464985247311,82.0,103.0
sub-031,0.9,0.126133512103412,0.1224680493072406,0.0036654627961713,93.0,103.0
sub-031,1.0,0.126133512103412,0.1233931567344046,0.0027403553690073,103.0,103.0
sub-032,0.0,0.1234404220671683,0.1234404220671683,0.0,0.0,103.0
sub-032,0.1,0.1234404220671683,0.1223756582551233,0.0010647638120449,10.0,103.0
sub-032,0.2,0.1234404220671683,0.1214244270987482,0.00201599496842,21.0,103.0
sub-032,0.3,0.1234404220671683,0.1219675012425672,0.001472920824601,31.0,103.0
sub-032,0.4,0.1234404220671683,0.1235411636141005,-0.0001007415469322,41.0,103.0
sub-032,0.5,0.1234404220671683,0.1213282017793414,0.0021122202878268,52.0,103.0
sub-032,0.6,0.1234404220671683,0.12261436439248,0.0008260576746882,62.0,103.0
sub-032,0.7,0.1234404220671683,0.1229829999404001,0.0004574221267682,72.0,103.0
sub-032,0.8,0.1234404220671683,0.1216246332825212,0.001815788784647,82.0,103.0
sub-032,0.9,0.1234404220671683,0.1231813302550517,0.0002590918121165,93.0,103.0
sub-032,1.0,0.1234404220671683,0.1232571020817917,0.0001833199853765,103.0,103.0
sub-033,0.0,0.1383781483451798,0.1383781483451798,0.0,0.0,103.0
sub-033,0.1,0.1383781483451798,0.1372275747904532,0.0011505735547265,10.0,103.0
sub-033,0.2,0.1383781483451798,0.1378040228635268,0.0005741254816529,21.0,103.0
sub-033,0.3,0.1383781483451798,0.1370333607109795,0.0013447876342003,31.0,103.0
sub-033,0.4,0.1383781483451798,0.1369811447531199,0.0013970035920598,41.0,103.0
sub-033,0.5,0.1383781483451798,0.1378778597056469,0.0005002886395329,52.0,103.0
sub-033,0.6,0.1383781483451798,0.137652770992902,0.0007253773522777,62.0,103.0
sub-033,0.7,0.1383781483451798,0.1377973263778704,0.0005808219673094,72.0,103.0
sub-033,0.8,0.1383781483451798,0.137184276677673,0.0011938716675067,82.0,103.0
sub-033,0.9,0.1383781483451798,0.1374645177187925,0.0009136306263872,93.0,103.0
sub-033,1.0,0.1383781483451798,0.1369591263181797,0.0014190220270001,103.0,103.0
sub-034,0.0,0.1391152443397909,0.1391152443397909,0.0,0.0,103.0
sub-034,0.1,0.1391152443397909,0.1382737653843867,0.0008414789554041,10.0,103.0
sub-034,0.2,0.1391152443397909,0.1383779314384153,0.0007373129013755,21.0,103.0
sub-034,0.3,0.1391152443397909,0.1378507159890799,0.0012645283507109,31.0,103.0
sub-034,0.4,0.1391152443397909,0.1386049408101075,0.0005103035296833,41.0,103.0
sub-034,0.5,0.1391152443397909,0.1389309847965554,0.0001842595432354,52.0,103.0
sub-034,0.6,0.1391152443397909,0.1376198011471004,0.0014954431926904,62.0,103.0
sub-034,0.7,0.1391152443397909,0.1366789528096921,0.0024362915300987,72.0,103.0
sub-034,0.8,0.1391152443397909,0.135869398980992,0.0032458453587988,82.0,103.0
sub-034,0.9,0.1391152443397909,0.1346329509617436,0.0044822933780472,93.0,103.0
sub-034,1.0,0.1391152443397909,0.1336852923682039,0.0054299519715869,103.0,103.0
sub-035,0.0,0.1306927200880167,0.1306927200880167,0.0,0.0,103.0
sub-035,0.1,0.1306927200880167,0.1292010692157035,0.0014916508723131,10.0,103.0
sub-035,0.2,0.1306927200880167,0.1292803483054506,0.001412371782566,21.0,103.0
sub-035,0.3,0.1306927200880167,0.1290178226698562,0.0016748974181604,31.0,103.0
sub-035,0.4,0.1306927200880167,0.1290056360814023,0.0016870840066143,41.0,103.0
sub-035,0.5,0.1306927200880167,0.1294337064720223,0.0012590136159943,52.0,103.0
sub-035,0.6,0.1306927200880167,0.1294266733490863,0.0012660467389303,62.0,103.0
sub-035,0.7,0.1306927200880167,0.1297402684283919,0.0009524516596247,72.0,103.0
sub-035,0.8,0.1306927200880167,0.1293027055957208,0.0013900144922958,82.0,103.0
sub-035,0.9,0.1306927200880167,0.1294461313530204,0.0012465887349962,93.0,103.0
sub-035,1.0,0.1306927200880167,0.1299250414764721,0.0007676786115445,103.0,103.0
sub-036,0.0,0.1353067681824868,0.1353067681824868,0.0,0.0,103.0
sub-036,0.1,0.1353067681824868,0.1349424884374618,0.0003642797450249,10.0,103.0
sub-036,0.2,0.1353067681824868,0.1310917929688745,0.0042149752136122,21.0,103.0
sub-036,0.3,0.1353067681824868,0.1312749364800368,0.00403183170245,31.0,103.0
sub-036,0.4,0.1353067681824868,0.1319486638541732,0.0033581043283135,41.0,103.0
sub-036,0.5,0.1353067681824868,0.1314620654237598,0.0038447027587269,52.0,103.0
sub-036,0.6,0.1353067681824868,0.1305555396503849,0.0047512285321018,62.0,103.0
sub-036,0.7,0.1353067681824868,0.1302340926794515,0.0050726755030352,72.0,103.0
sub-036,0.8,0.1353067681824868,0.1293948914401446,0.0059118767423421,82.0,103.0
sub-036,0.9,0.1353067681824868,0.1290738926338189,0.0062328755486678,93.0,103.0
sub-036,1.0,0.1353067681824868,0.1294130907813251,0.0058936774011616,103.0,103.0
sub-037,0.0,0.1366092379546929,0.1366092379546929,0.0,0.0,103.0
sub-037,0.1,0.1366092379546929,0.1366764761320283,-6.723817733542137e-05,10.0,103.0
sub-037,0.2,0.1366092379546929,0.1355418710611635,0.0010673668935293,21.0,103.0
sub-037,0.3,0.1366092379546929,0.1353234548371553,0.0012857831175375,31.0,103.0
sub-037,0.4,0.1366092379546929,0.136066317786904,0.0005429201677888,41.0,103.0
sub-037,0.5,0.1366092379546929,0.1356639581133301,0.0009452798413628,52.0,103.0
sub-037,0.6,0.1366092379546929,0.1368548065454387,-0.0002455685907458,62.0,103.0
sub-037,0.7,0.1366092379546929,0.1366852783016816,-7.604034698877049e-05,72.0,103.0
sub-037,0.8,0.1366092379546929,0.1356516529947515,0.0009575849599413,82.0,103.0
sub-037,0.9,0.1366092379546929,0.1357579346681466,0.0008513032865462,93.0,103.0
sub-037,1.0,0.1366092379546929,0.1359287776610157,0.0006804602936772,103.0,103.0
sub-038,0.0,0.1395644946724866,0.1395644946724866,0.0,0.0,103.0
sub-038,0.1,0.1395644946724866,0.1381199673606556,0.0014445273118309,10.0,103.0
sub-038,0.2,0.1395644946724866,0.1370683319408846,0.0024961627316019,21.0,103.0
sub-038,0.3,0.1395644946724866,0.1338321291505227,0.0057323655219638,31.0,103.0
sub-038,0.4,0.1395644946724866,0.1322575988721821,0.0073068958003044,41.0,103.0
sub-038,0.5,0.1395644946724866,0.1305612683090224,0.0090032263634641,52.0,103.0
sub-038,0.6,0.1395644946724866,0.1323230826995062,0.0072414119729803,62.0,103.0
sub-038,0.7,0.1395644946724866,0.1318683188302074,0.0076961758422791,72.0,103.0
sub-038,0.8,0.1395644946724866,0.1308774149214668,0.0086870797510198,82.0,103.0
sub-038,0.9,0.1395644946724866,0.1295312984494451,0.0100331962230414,93.0,103.0
sub-038,1.0,0.1395644946724866,0.129868805569738,0.0096956891027485,103.0,103.0
sub-039,0.0,0.1442555713647799,0.1442555713647799,0.0,0.0,103.0
sub-039,0.1,0.1442555713647799,0.1442667632801805,-1.1191915400665664e-05,10.0,103.0
sub-039,0.2,0.1442555713647799,0.144323452240566,-6.788087578618596e-05,21.0,103.0
sub-039,0.3,0.1442555713647799,0.1435118990457354,0.0007436723190444,31.0,103.0
sub-039,0.4,0.1442555713647799,0.1428458492166624,0.0014097221481174,41.0,103.0
sub-039,0.5,0.1442555713647799,0.1429299749330582,0.0013255964317216,52.0,103.0
sub-039,0.6,0.1442555713647799,0.1438591487354341,0.0003964226293458,62.0,103.0
sub-039,0.7,0.1442555713647799,0.142963207903102,0.0012923634616778,72.0,103.0
sub-039,0.8,0.1442555713647799,0.1433669186339275,0.0008886527308523,82.0,103.0
sub-039,0.9,0.1442555713647799,0.1434239841067004,0.0008315872580794,93.0,103.0
sub-039,1.0,0.1442555713647799,0.1436182331756136,0.0006373381891662,103.0,103.0
sub-040,0.0,0.124471085076008,0.124471085076008,0.0,0.0,103.0
sub-040,0.1,0.124471085076008,0.1243751381943672,9.59468816407738e-05,10.0,103.0
sub-040,0.2,0.124471085076008,0.122503242542847,0.0019678425331609,21.0,103.0
sub-040,0.3,0.124471085076008,0.1225855548303055,0.0018855302457024,31.0,103.0
sub-040,0.4,0.124471085076008,0.1231102455325855,0.0013608395434225,41.0,103.0
sub-040,0.5,0.124471085076008,0.1205288190611028,0.0039422660149051,52.0,103.0
sub-040,0.6,0.124471085076008,0.1223456561038546,0.0021254289721533,62.0,103.0
sub-040,0.7,0.124471085076008,0.1227129384175112,0.0017581466584968,72.0,103.0
sub-040,0.8,0.124471085076008,0.1215600822499375,0.0029110028260704,82.0,103.0
sub-040,0.9,0.124471085076008,0.1224751320408733,0.0019959530351346,93.0,103.0
sub-040,1.0,0.124471085076008,0.1217087161191055,0.0027623689569025,103.0,103.0
sub-041,0.0,0.1430436374058868,0.1430436374058868,0.0,0.0,103.0
sub-041,0.1,0.1430436374058868,0.1422729081616472,0.0007707292442395,10.0,103.0
sub-041,0.2,0.1430436374058868,0.1403155061835901,0.0027281312222966,21.0,103.0
sub-041,0.3,0.1430436374058868,0.1406337195624163,0.0024099178434704,31.0,103.0
sub-041,0.4,0.1430436374058868,0.1421202450853391,0.0009233923205476,41.0,103.0
sub-041,0.5,0.1430436374058868,0.1438272270267176,-0.0007835896208308,52.0,103.0
sub-041,0.6,0.1430436374058868,0.1435102950074615,-0.0004666576015747,62.0,103.0
sub-041,0.7,0.1430436374058868,0.143885374352958,-0.0008417369470712,72.0,103.0
sub-041,0.8,0.1430436374058868,0.1436914160246199,-0.0006477786187331,82.0,103.0
sub-041,0.9,0.1430436374058868,0.1462924107424367,-0.0032487733365499,93.0,103.0
sub-041,1.0,0.1430436374058868,0.1471942249203341,-0.0041505875144473,103.0,103.0
sub-042,0.0,0.1245539317711566,0.1245539317711566,0.0,0.0,103.0
sub-042,0.1,0.1245539317711566,0.1267289987517153,-0.0021750669805587,10.0,103.0
sub-042,0.2,0.1245539317711566,0.1231049553793232,0.0014489763918333,21.0,103.0
sub-042,0.3,0.1245539317711566,0.1251505051836528,-0.0005965734124962,31.0,103.0
sub-042,0.4,0.1245539317711566,0.1247445227698215,-0.0001905909986649,41.0,103.0
sub-042,0.5,0.1245539317711566,0.123937658654826,0.0006162731163305,52.0,103.0
sub-042,0.6,0.1245539317711566,0.1236516394626147,0.0009022923085418,62.0,103.0
sub-042,0.7,0.1245539317711566,0.1251815094440279,-0.0006275776728713,72.0,103.0
sub-042,0.8,0.1245539317711566,0.1238727491305663,0.0006811826405903,82.0,103.0
sub-042,0.9,0.1245539317711566,0.1246565606975719,-0.0001026289264153,93.0,103.0
sub-042,1.0,0.1245539317711566,0.1268976115346536,-0.002343679763497,103.0,103.0
sub-043,0.0,0.1286191978387461,0.1286191978387461,0.0,0.0,103.0
sub-043,0.1,0.1286191978387461,0.1294409318616145,-0.0008217340228684,10.0,103.0
sub-043,0.2,0.1286191978387461,0.127483798412047,0.001135399426699,21.0,103.0
sub-043,0.3,0.1286191978387461,0.1264752339019182,0.0021439639368278,31.0,103.0
sub-043,0.4,0.1286191978387461,0.1279735402788517,0.0006456575598943,41.0,103.0
sub-043,0.5,0.1286191978387461,0.1266490101441798,0.0019701876945662,52.0,103.0
sub-043,0.6,0.1286191978387461,0.1266348003631931,0.0019843974755529,62.0,103.0
sub-043,0.7,0.1286191978387461,0.1291454868770036,-0.0005262890382575,72.0,103.0
sub-043,0.8,0.1286191978387461,0.1284907525361873,0.0001284453025587,82.0,103.0
sub-043,0.9,0.1286191978387461,0.1289247788212641,-0.000305580982518,93.0,103.0
sub-043,1.0,0.1286191978387461,0.1290312125589727,-0.0004120147202266,103.0,103.0
