subject,rt_transition_diff__flexibility_stability,rt_duration_diff__long-short
sub-001,282.9472027972028,90.89705882352942
sub-002,135.92857142857142,178.75406698564595
sub-003,293.2229064039409,146.1052631578947
sub-004,160.02969951083156,-4.442307692307679
sub-005,260.5671451355662,13.234449760765555
sub-006,120.62499999999996,102.2637420718816
sub-007,46.23091133004928,108.60098522167485
sub-008,372.3278890600925,5.298245614035068
sub-009,196.68165024630545,60.66071428571428
sub-010,156.6625874125874,161.56638714185885
sub-011,-106.32738095238096,15.251097178683397
sub-012,58.28413424866514,37.30165912518856
sub-013,108.3820662768031,43.03194263363756
sub-014,191.39010989010987,94.88336192109776
sub-015,281.4324675324675,67.32270657124269
sub-016,69.73959183673469,-9.149999999999975
sub-017,281.13803840166065,-91.39231966787752
sub-018,83.52274754683317,112.5345238095238
sub-019,114.01785714285714,22.644019138755997
sub-020,20.910806174957145,-18.159958720330224
sub-021,216.79811912225705,38.10056390977445
sub-022,108.31694915254238,72.30084745762713
sub-023,-59.94642857142856,147.2058823529412
sub-024,65.97171945701353,87.62879205736346
sub-025,243.3021778584392,63.52935835351087
sub-026,-25.88711776187378,108.65681818181818
sub-027,261.0182555780933,24.50841750841749
sub-028,-159.14471243042675,213.08293460925037
sub-029,141.18218390804597,146.8109195402299
sub-030,126.17924528301889,69.80225193525683
sub-031,456.2754208754209,-19.1108490566038
sub-032,241.33898305084745,54.32931034482755
sub-033,195.88480392156865,54.10049220672684
sub-034,114.50038138825325,-68.31471698113205
sub-035,67.22569027611044,34.0548219287715
sub-036,141.3221415607985,131.56386198547216
sub-037,341.3202380952381,139.81038647342996
sub-038,101.29561403508772,32.12711864406779
sub-039,-33.01711229946525,23.289483065953647
sub-040,132.6602870813397,88.28899521531102
sub-041,-28.600071607590397,114.19251336898392
sub-042,166.20199778024417,19.76322604513507
sub-043,421.41379310344826,112.8378136200717
