subject,lesion_lambda,Q_intact_auc,Q_lesion_SN_auc,deltaQ_SN_auc,k_lesioned,k_roi_pool
sub-001,0.0,0.1293925778012633,0.1291779990624378,0.0002145787388254,0.0,103.0
sub-001,0.1,0.1293925778012633,0.131063546959107,-0.0016709691578437,10.0,103.0
sub-001,0.2,0.1293925778012633,0.1339688691581305,-0.0045762913568672,21.0,103.0
sub-001,0.3,0.1293925778012633,0.1329465747600349,-0.0035539969587716,31.0,103.0
sub-001,0.4,0.1293925778012633,0.1308924382372434,-0.0014998604359801,41.0,103.0
sub-001,0.5,0.1293925778012633,0.1289306926022523,0.0004618851990109,52.0,103.0
sub-001,0.6,0.1293925778012633,0.1300374360571447,-0.0006448582558814,62.0,103.0
sub-001,0.7,0.1293925778012633,0.1306113661597431,-0.0012187883584798,72.0,103.0
sub-001,0.8,0.1293925778012633,0.1291221028133988,0.0002704749878644,82.0,103.0
sub-001,0.9,0.1293925778012633,0.128979500505467,0.0004130772957962,93.0,103.0
sub-001,1.0,0.1293925778012633,0.1293157460002928,7.683180097040054e-05,103.0,103.0
sub-002,0.0,0.1260736365592106,0.1265191492120947,-0.0004455126528841,0.0,103.0
sub-002,0.1,0.1260736365592106,0.1268918047245722,-0.0008181681653616,10.0,103.0
sub-002,0.2,0.1260736365592106,0.1260419092448781,3.172731433248588e-05,21.0,103.0
sub-002,0.3,0.1260736365592106,0.1253989698881078,0.0006746666711028,31.0,103.0
sub-002,0.4,0.1260736365592106,0.1248113387361842,0.0012622978230264,41.0,103.0
sub-002,0.5,0.1260736365592106,0.1239018065824324,0.0021718299767781,52.0,103.0
sub-002,0.6,0.1260736365592106,0.1239269914739629,0.0021466450852476,62.0,103.0
sub-002,0.7,0.1260736365592106,0.1238921104622748,0.0021815260969357,72.0,103.0
sub-002,0.8,0.1260736365592106,0.124217597575874,0.0018560389833365,82.0,103.0
sub-002,0.9,0.1260736365592106,0.1249058690721549,0.0011677674870556,93.0,103.0
sub-002,1.0,0.1260736365592106,0.12486122679802,0.0012124097611905,103.0,103.0
sub-003,0.0,0.1322010759052373,0.1322117357060166,-1.0659800779300175e-05,0.0,103.0
sub-003,0.1,0.1322010759052373,0.1320208645433654,0.0001802113618718,10.0,103.0
sub-003,0.2,0.1322010759052373,0.1320796194304223,0.000121456474815,21.0,103.0
sub-003,0.3,0.1322010759052373,0.1314115512437711,0.0007895246614661,31.0,103.0
sub-003,0.4,0.1322010759052373,0.1307165413152819,0.0014845345899553,41.0,103.0
sub-003,0.5,0.1322010759052373,0.1290375447054203,0.0031635311998169,52.0,103.0
sub-003,0.6,0.1322010759052373,0.1279900375458809,0.0042110383593563,62.0,103.0
sub-003,0.7,0.1322010759052373,0.1275772192529626,0.0046238566522746,72.0,103.0
sub-003,0.8,0.1322010759052373,0.1257753619713446,0.0064257139338926,82.0,103.0
sub-003,0.9,0.1322010759052373,0.1258170137101015,0.0063840621951357,93.0,103.0
sub-003,1.0,0.1322010759052373,0.1247000590786749,0.0075010168265623,103.0,103.0
sub-004,0.0,0.1355070254551419,0.1355052689290801,1.7565260617968814e-06,0.0,103.0
sub-004,0.1,0.1355070254551419,0.1348513190071464,0.0006557064479954,10.0,103.0
sub-004,0.2,0.1355070254551419,0.134530066600166,0.0009769588549758,21.0,103.0
sub-004,0.3,0.1355070254551419,0.1351077314524252,0.0003992940027167,31.0,103.0
sub-004,0.4,0.1355070254551419,0.1352866675446828,0.000220357910459,41.0,103.0
sub-004,0.5,0.1355070254551419,0.1357153838264089,-0.000208358371267,52.0,103.0
sub-004,0.6,0.1355070254551419,0.136481292430713,-0.0009742669755711,62.0,103.0
sub-004,0.7,0.1355070254551419,0.1368092329151683,-0.0013022074600264,72.0,103.0
sub-004,0.8,0.1355070254551419,0.1364980488455826,-0.0009910233904407,82.0,103.0
sub-004,0.9,0.1355070254551419,0.1364978285826209,-0.000990803127479,93.0,103.0
sub-004,1.0,0.1355070254551419,0.1364038006920557,-0.0008967752369138,103.0,103.0
sub-005,0.0,0.1295980917217657,0.1300059178112354,-0.0004078260894697,0.0,103.0
sub-005,0.1,0.1295980917217657,0.1296528277143048,-5.4735992539134415e-05,10.0,103.0
sub-005,0.2,0.1295980917217657,0.127651605151092,0.0019464865706737,21.0,103.0
sub-005,0.3,0.1295980917217657,0.1285833108452463,0.0010147808765193,31.0,103.0
sub-005,0.4,0.1295980917217657,0.1292523632345115,0.0003457284872541,41.0,103.0
sub-005,0.5,0.1295980917217657,0.1287531563865236,0.000844935335242,52.0,103.0
sub-005,0.6,0.1295980917217657,0.1304574732264697,-0.000859381504704,62.0,103.0
sub-005,0.7,0.1295980917217657,0.1296208819395256,-2.279021775988821e-05,72.0,103.0
sub-005,0.8,0.1295980917217657,0.1312366468731349,-0.0016385551513692,82.0,103.0
sub-005,0.9,0.1295980917217657,0.131175705402644,-0.0015776136808783,93.0,103.0
sub-005,1.0,0.1295980917217657,0.1315458177243052,-0.0019477260025395,103.0,103.0
sub-006,0.0,0.1139095451563088,0.1135107089992398,0.0003988361570689,0.0,103.0
sub-006,0.1,0.1139095451563088,0.1136457019434214,0.0002638432128873,10.0,103.0
sub-006,0.2,0.1139095451563088,0.1151506805889587,-0.0012411354326499,21.0,103.0
sub-006,0.3,0.1139095451563088,0.1145096723424307,-0.0006001271861219,31.0,103.0
sub-006,0.4,0.1139095451563088,0.1139670835821441,-5.753842583534896e-05,41.0,103.0
sub-006,0.5,0.1139095451563088,0.1155604063980141,-0.0016508612417052,52.0,103.0
sub-006,0.6,0.1139095451563088,0.1167197497429865,-0.0028102045866777,62.0,103.0
sub-006,0.7,0.1139095451563088,0.1135373973310739,0.0003721478252348,72.0,103.0
sub-006,0.8,0.1139095451563088,0.1161992391441481,-0.0022896939878393,82.0,103.0
sub-006,0.9,0.1139095451563088,0.1160905181571516,-0.0021809730008428,93.0,103.0
sub-006,1.0,0.1139095451563088,0.1138372652285159,7.227992779287873e-05,103.0,103.0
sub-007,0.0,0.1340428766318349,0.1339184852372606,0.0001243913945742,0.0,103.0
sub-007,0.1,0.1340428766318349,0.1335621367498774,0.0004807398819574,10.0,103.0
sub-007,0.2,0.1340428766318349,0.1337668092723875,0.0002760673594474,21.0,103.0
sub-007,0.3,0.1340428766318349,0.1322979411719559,0.0017449354598789,31.0,103.0
sub-007,0.4,0.1340428766318349,0.1325311437930711,0.0015117328387637,41.0,103.0
sub-007,0.5,0.1340428766318349,0.1328385166063769,0.0012043600254579,52.0,103.0
sub-007,0.6,0.1340428766318349,0.1327286016105464,0.0013142750212884,62.0,103.0
sub-007,0.7,0.1340428766318349,0.1330215125531461,0.0010213640786887,72.0,103.0
sub-007,0.8,0.1340428766318349,0.1331089136850215,0.0009339629468133,82.0,103.0
sub-007,0.9,0.1340428766318349,0.1329477512047475,0.0010951254270873,93.0,103.0
sub-007,1.0,0.1340428766318349,0.1326499178905936,0.0013929587412412,103.0,103.0
sub-008,0.0,0.121690870618569,0.1220462838396447,-0.0003554132210757,0.0,103.0
sub-008,0.1,0.121690870618569,0.1223037269402406,-0.0006128563216716,10.0,103.0
sub-008,0.2,0.121690870618569,0.123871062505212,-0.002180191886643,21.0,103.0
sub-008,0.3,0.121690870618569,0.1219750782813247,-0.0002842076627557,31.0,103.0
sub-008,0.4,0.121690870618569,0.120434541654212,0.0012563289643569,41.0,103.0
sub-008,0.5,0.121690870618569,0.122238209181138,-0.000547338562569,52.0,103.0
sub-008,0.6,0.121690870618569,0.1243361512438293,-0.0026452806252603,62.0,103.0
sub-008,0.7,0.121690870618569,0.125277677407064,-0.003586806788495,72.0,103.0
sub-008,0.8,0.121690870618569,0.1265734622386895,-0.0048825916201205,82.0,103.0
sub-008,0.9,0.121690870618569,0.1283358162468483,-0.0066449456282793,93.0,103.0
sub-008,1.0,0.121690870618569,0.1301966308350742,-0.0085057602165052,103.0,103.0
sub-009,0.0,0.1346065039690614,0.1352648922918649,-0.0006583883228035,0.0,103.0
sub-009,0.1,0.1346065039690614,0.133062362922237,0.0015441410468244,10.0,103.0
sub-009,0.2,0.1346065039690614,0.1350872965324953,-0.0004807925634338,21.0,103.0
sub-009,0.3,0.1346065039690614,0.1333658350272101,0.0012406689418512,31.0,103.0
sub-009,0.4,0.1346065039690614,0.1319238831418826,0.0026826208271787,41.0,103.0
sub-009,0.5,0.1346065039690614,0.1300047192004426,0.0046017847686187,52.0,103.0
sub-009,0.6,0.1346065039690614,0.1334871386998601,0.0011193652692012,62.0,103.0
sub-009,0.7,0.1346065039690614,0.130416692703067,0.0041898112659943,72.0,103.0
sub-009,0.8,0.1346065039690614,0.1240271410079448,0.0105793629611165,82.0,103.0
sub-009,0.9,0.1346065039690614,0.1236180165215222,0.0109884874475391,93.0,103.0
sub-009,1.0,0.1346065039690614,0.1228125140363558,0.0117939899327055,103.0,103.0
sub-010,0.0,0.1241261924920391,0.1243001789651758,-0.0001739864731367,0.0,103.0
sub-010,0.1,0.1241261924920391,0.125363711625432,-0.0012375191333929,10.0,103.0
sub-010,0.2,0.1241261924920391,0.1260842505848605,-0.0019580580928214,21.0,103.0
sub-010,0.3,0.1241261924920391,0.1269532617171387,-0.0028270692250996,31.0,103.0
sub-010,0.4,0.1241261924920391,0.1277691210587655,-0.0036429285667264,41.0,103.0
sub-010,0.5,0.1241261924920391,0.1286727535017676,-0.0045465610097285,52.0,103.0
sub-010,0.6,0.1241261924920391,0.1290377661354712,-0.0049115736434321,62.0,103.0
sub-010,0.7,0.1241261924920391,0.1302415017326536,-0.0061153092406144,72.0,103.0
sub-010,0.8,0.1241261924920391,0.130432323417924,-0.0063061309258849,82.0,103.0
sub-010,0.9,0.1241261924920391,0.1310401599997076,-0.0069139675076685,93.0,103.0
sub-010,1.0,0.1241261924920391,0.1317330705538924,-0.0076068780618533,103.0,103.0
sub-011,0.0,0.1475177444835223,0.147641563449242,-0.0001238189657197,0.0,103.0
sub-011,0.1,0.1475177444835223,0.1475894501720304,-7.170568850814463e-05,10.0,103.0
sub-011,0.2,0.1475177444835223,0.1477723070963583,-0.000254562612836,21.0,103.0
sub-011,0.3,0.1475177444835223,0.1464190722713598,0.0010986722121625,31.0,103.0
sub-011,0.4,0.1475177444835223,0.1371673179769719,0.0103504265065503,41.0,103.0
sub-011,0.5,0.1475177444835223,0.1251352820328972,0.022382462450625,52.0,103.0
sub-011,0.6,0.1475177444835223,0.1242256968491112,0.023292047634411,62.0,103.0
sub-011,0.7,0.1475177444835223,0.1247904772447124,0.0227272672388098,72.0,103.0
sub-011,0.8,0.1475177444835223,0.1276485283615085,0.0198692161220137,82.0,103.0
sub-011,0.9,0.1475177444835223,0.1301118223426634,0.0174059221408588,93.0,103.0
sub-011,1.0,0.1475177444835223,0.1312526669669185,0.0162650775166038,103.0,103.0
sub-012,0.0,0.1404772771427652,0.1405058585154441,-2.858137267891525e-05,0.0,103.0
sub-012,0.1,0.1404772771427652,0.1408538749744396,-0.0003765978316744,10.0,103.0
sub-012,0.2,0.1404772771427652,0.1411251826830707,-0.0006479055403054,21.0,103.0
sub-012,0.3,0.1404772771427652,0.137527469141196,0.0029498080015691,31.0,103.0
sub-012,0.4,0.1404772771427652,0.135377933788226,0.0050993433545392,41.0,103.0
sub-012,0.5,0.1404772771427652,0.1317114194244598,0.0087658577183053,52.0,103.0
sub-012,0.6,0.1404772771427652,0.1340892513046424,0.0063880258381227,62.0,103.0
sub-012,0.7,0.1404772771427652,0.1344644221812916,0.0060128549614735,72.0,103.0
sub-012,0.8,0.1404772771427652,0.1338630516701075,0.0066142254726576,82.0,103.0
sub-012,0.9,0.1404772771427652,0.1281669995953093,0.0123102775474558,93.0,103.0
sub-012,1.0,0.1404772771427652,0.1266382774909804,0.0138389996517847,103.0,103.0
sub-013,0.0,0.1434726558857889,0.1435302590644373,-5.760317864844655e-05,0.0,103.0
sub-013,0.1,0.1434726558857889,0.1448911779602686,-0.0014185220744797,10.0,103.0
sub-013,0.2,0.1434726558857889,0.1444562932983593,-0.0009836374125704,21.0,103.0
sub-013,0.3,0.1434726558857889,0.1471204757755162,-0.0036478198897273,31.0,103.0
sub-013,0.4,0.1434726558857889,0.1467219499701853,-0.0032492940843964,41.0,103.0
sub-013,0.5,0.1434726558857889,0.145184704679784,-0.0017120487939951,52.0,103.0
sub-013,0.6,0.1434726558857889,0.1444247850701141,-0.0009521291843252,62.0,103.0
sub-013,0.7,0.1434726558857889,0.1425747185989454,0.0008979372868434,72.0,103.0
sub-013,0.8,0.1434726558857889,0.1404413393975352,0.0030313164882536,82.0,103.0
sub-013,0.9,0.1434726558857889,0.1372329735198081,0.0062396823659807,93.0,103.0
sub-013,1.0,0.1434726558857889,0.1359250481704988,0.00754760771529,103.0,103.0
sub-014,0.0,0.1188441199615205,0.1194635927980772,-0.0006194728365567,0.0,103.0
sub-014,0.1,0.1188441199615205,0.1194388603067596,-0.000594740345239,10.0,103.0
sub-014,0.2,0.1188441199615205,0.1177263632651657,0.0011177566963548,21.0,103.0
sub-014,0.3,0.1188441199615205,0.1204077319811232,-0.0015636120196027,31.0,103.0
sub-014,0.4,0.1188441199615205,0.1220806367104698,-0.0032365167489493,41.0,103.0
sub-014,0.5,0.1188441199615205,0.12763181646872,-0.0087876965071995,52.0,103.0
sub-014,0.6,0.1188441199615205,0.1314729626598793,-0.0126288426983588,62.0,103.0
sub-014,0.7,0.1188441199615205,0.131311162454628,-0.0124670424931075,72.0,103.0
sub-014,0.8,0.1188441199615205,0.1334450796845482,-0.0146009597230277,82.0,103.0
sub-014,0.9,0.1188441199615205,0.1331262131608603,-0.0142820931993398,93.0,103.0
sub-014,1.0,0.1188441199615205,0.1321775516629512,-0.0133334317014307,103.0,103.0
sub-015,0.0,0.1412327142680101,0.1410434252155139,0.0001892890524961,0.0,103.0
sub-015,0.1,0.1412327142680101,0.1406381424315025,0.0005945718365075,10.0,103.0
sub-015,0.2,0.1412327142680101,0.139395719574591,0.001836994693419,21.0,103.0
sub-015,0.3,0.1412327142680101,0.1382148798351136,0.0030178344328964,31.0,103.0
sub-015,0.4,0.1412327142680101,0.1334883582523779,0.0077443560156321,41.0,103.0
sub-015,0.5,0.1412327142680101,0.13051138713625,0.01072132713176,52.0,103.0
sub-015,0.6,0.1412327142680101,0.1313801632426975,0.0098525510253125,62.0,103.0
sub-015,0.7,0.1412327142680101,0.1297539753417159,0.0114787389262941,72.0,103.0
sub-015,0.8,0.1412327142680101,0.1268737823718931,0.0143589318961169,82.0,103.0
sub-015,0.9,0.1412327142680101,0.1278693274412913,0.0133633868267187,93.0,103.0
sub-015,1.0,0.1412327142680101,0.1281004173785238,0.0131322968894862,103.0,103.0
sub-016,0.0,0.1264668493223129,0.1270471263254,-0.0005802770030871,0.0,103.0
sub-016,0.1,0.1264668493223129,0.1269248943839882,-0.0004580450616753,10.0,103.0
sub-016,0.2,0.1264668493223129,0.1271783132976669,-0.000711463975354,21.0,103.0
sub-016,0.3,0.1264668493223129,0.1272855876929847,-0.0008187383706718,31.0,103.0
sub-016,0.4,0.1264668493223129,0.127878773508884,-0.0014119241865711,41.0,103.0
sub-016,0.5,0.1264668493223129,0.1278786980715552,-0.0014118487492423,52.0,103.0
sub-016,0.6,0.1264668493223129,0.1271281235703857,-0.0006612742480728,62.0,103.0
sub-016,0.7,0.1264668493223129,0.1269860843322142,-0.0005192350099013,72.0,103.0
sub-016,0.8,0.1264668493223129,0.1279127108041568,-0.0014458614818439,82.0,103.0
sub-016,0.9,0.1264668493223129,0.1276465371384106,-0.0011796878160977,93.0,103.0
sub-016,1.0,0.1264668493223129,0.1281071872043691,-0.0016403378820562,103.0,103.0
sub-017,0.0,0.11603831467667,0.1162477498697822,-0.0002094351931122,0.0,103.0
sub-017,0.1,0.11603831467667,0.1114217739338001,0.0046165407428698,10.0,103.0
sub-017,0.2,0.11603831467667,0.1124036043640822,0.0036347103125877,21.0,103.0
sub-017,0.3,0.11603831467667,0.1109277901014404,0.0051105245752296,31.0,103.0
sub-017,0.4,0.11603831467667,0.1109429051365965,0.0050954095400734,41.0,103.0
sub-017,0.5,0.11603831467667,0.1132511566070404,0.0027871580696296,52.0,103.0
sub-017,0.6,0.11603831467667,0.1146287162008363,0.0014095984758336,62.0,103.0
sub-017,0.7,0.11603831467667,0.1154753260540339,0.000562988622636,72.0,103.0
sub-017,0.8,0.11603831467667,0.1167112107175633,-0.0006728960408932,82.0,103.0
sub-017,0.9,0.11603831467667,0.1192132164456847,-0.0031749017690147,93.0,103.0
sub-017,1.0,0.11603831467667,0.1215372153244494,-0.0054989006477794,103.0,103.0
sub-018,0.0,0.125421085355157,0.1249758225849261,0.0004452627702308,0.0,103.0
sub-018,0.1,0.125421085355157,0.1245597450750409,0.000861340280116,10.0,103.0
sub-018,0.2,0.125421085355157,0.1218401690544156,0.0035809163007414,21.0,103.0
sub-018,0.3,0.125421085355157,0.1186086304925187,0.0068124548626382,31.0,103.0
sub-018,0.4,0.125421085355157,0.1156711323766302,0.0097499529785267,41.0,103.0
sub-018,0.5,0.125421085355157,0.1148376920148715,0.0105833933402855,52.0,103.0
sub-018,0.6,0.125421085355157,0.1158780207761901,0.0095430645789668,62.0,103.0
sub-018,0.7,0.125421085355157,0.1156865943317213,0.0097344910234356,72.0,103.0
sub-018,0.8,0.125421085355157,0.1152688413626676,0.0101522439924893,82.0,103.0
sub-018,0.9,0.125421085355157,0.1141206647127867,0.0113004206423703,93.0,103.0
sub-018,1.0,0.125421085355157,0.1141272813269738,0.0112938040281831,103.0,103.0
sub-019,0.0,0.1316083222780341,0.1312402539255425,0.0003680683524915,0.0,103.0
sub-019,0.1,0.1316083222780341,0.133365542462067,-0.0017572201840329,10.0,103.0
sub-019,0.2,0.1316083222780341,0.1344618042066571,-0.002853481928623,21.0,103.0
sub-019,0.3,0.1316083222780341,0.1334812171286774,-0.0018728948506432,31.0,103.0
sub-019,0.4,0.1316083222780341,0.1314768302654915,0.0001314920125425,41.0,103.0
sub-019,0.5,0.1316083222780341,0.1290357179805747,0.0025726042974593,52.0,103.0
sub-019,0.6,0.1316083222780341,0.128912536582673,0.002695785695361,62.0,103.0
sub-019,0.7,0.1316083222780341,0.1285748490654663,0.0030334732125677,72.0,103.0
sub-019,0.8,0.1316083222780341,0.1280493243875159,0.0035589978905181,82.0,103.0
sub-019,0.9,0.1316083222780341,0.1290446588242242,0.0025636634538098,93.0,103.0
sub-019,1.0,0.1316083222780341,0.1285044403678936,0.0031038819101404,103.0,103.0
sub-020,0.0,0.1368577811944499,0.1361631711160605,0.0006946100783893,0.0,103.0
sub-020,0.1,0.1368577811944499,0.139512047213287,-0.002654266018837,10.0,103.0
sub-020,0.2,0.1368577811944499,0.1390515202557248,-0.0021937390612749,21.0,103.0
sub-020,0.3,0.1368577811944499,0.1371489717124679,-0.000291190518018,31.0,103.0
sub-020,0.4,0.1368577811944499,0.1315187999097491,0.0053389812847008,41.0,103.0
sub-020,0.5,0.1368577811944499,0.1297457638698891,0.0071120173245607,52.0,103.0
sub-020,0.6,0.1368577811944499,0.1295645653228291,0.0072932158716208,62.0,103.0
sub-020,0.7,0.1368577811944499,0.1297702985712954,0.0070874826231545,72.0,103.0
sub-020,0.8,0.1368577811944499,0.1297026100376667,0.0071551711567832,82.0,103.0
sub-020,0.9,0.1368577811944499,0.1307897545967288,0.006068026597721,93.0,103.0
sub-020,1.0,0.1368577811944499,0.1309348502587775,0.0059229309356723,103.0,103.0
sub-021,0.0,0.1357978529068248,0.1359894938299656,-0.0001916409231408,0.0,103.0
sub-021,0.1,0.1357978529068248,0.1353373603146244,0.0004604925922003,10.0,103.0
sub-021,0.2,0.1357978529068248,0.135057337881649,0.0007405150251758,21.0,103.0
sub-021,0.3,0.1357978529068248,0.1348856300434286,0.0009122228633962,31.0,103.0
sub-021,0.4,0.1357978529068248,0.133383089403674,0.0024147635031507,41.0,103.0
sub-021,0.5,0.1357978529068248,0.1334088749084184,0.0023889779984063,52.0,103.0
sub-021,0.6,0.1357978529068248,0.1320221056480821,0.0037757472587426,62.0,103.0
sub-021,0.7,0.1357978529068248,0.1319278373025015,0.0038700156043232,72.0,103.0
sub-021,0.8,0.1357978529068248,0.1312849197866906,0.0045129331201341,82.0,103.0
sub-021,0.9,0.1357978529068248,0.1283987898379774,0.0073990630688473,93.0,103.0
sub-021,1.0,0.1357978529068248,0.1277827601750185,0.0080150927318062,103.0,103.0
sub-022,0.0,0.1167072137547542,0.116800392351362,-9.31785966078319e-05,0.0,103.0
sub-022,0.1,0.1167072137547542,0.1174004467004171,-0.0006932329456629,10.0,103.0
sub-022,0.2,0.1167072137547542,0.1192889948894659,-0.0025817811347117,21.0,103.0
sub-022,0.3,0.1167072137547542,0.119132334600539,-0.0024251208457848,31.0,103.0
sub-022,0.4,0.1167072137547542,0.1197798685449189,-0.0030726547901647,41.0,103.0
sub-022,0.5,0.1167072137547542,0.1206167702567003,-0.0039095565019461,52.0,103.0
sub-022,0.6,0.1167072137547542,0.1212311082618404,-0.0045238945070862,62.0,103.0
sub-022,0.7,0.1167072137547542,0.1213649236881447,-0.0046577099333905,72.0,103.0
sub-022,0.8,0.1167072137547542,0.1232505982348275,-0.0065433844800733,82.0,103.0
sub-022,0.9,0.1167072137547542,0.1246778691162047,-0.0079706553614505,93.0,103.0
sub-022,1.0,0.1167072137547542,0.1255655439025789,-0.0088583301478247,103.0,103.0
sub-023,0.0,0.1289094711721598,0.1294662401923347,-0.0005567690201749,0.0,103.0
sub-023,0.1,0.1289094711721598,0.1281962976466377,0.000713173525522,10.0,103.0
sub-023,0.2,0.1289094711721598,0.122688304694238,0.0062211664779217,21.0,103.0
sub-023,0.3,0.1289094711721598,0.1127544601444395,0.0161550110277203,31.0,103.0
sub-023,0.4,0.1289094711721598,0.1130801545624507,0.015829316609709,41.0,103.0
sub-023,0.5,0.1289094711721598,0.1153466279159153,0.0135628432562444,52.0,103.0
sub-023,0.6,0.1289094711721598,0.1157607519032048,0.013148719268955,62.0,103.0
sub-023,0.7,0.1289094711721598,0.1171414519128881,0.0117680192592716,72.0,103.0
sub-023,0.8,0.1289094711721598,0.1211353826651104,0.0077740885070494,82.0,103.0
sub-023,0.9,0.1289094711721598,0.1237418763329664,0.0051675948391934,93.0,103.0
sub-023,1.0,0.1289094711721598,0.1242997933722181,0.0046096777999416,103.0,103.0
sub-024,0.0,0.1323668199760896,0.1316106480406828,0.0007561719354067,0.0,103.0
sub-024,0.1,0.1323668199760896,0.1330322035441384,-0.0006653835680488,10.0,103.0
sub-024,0.2,0.1323668199760896,0.1304323245528873,0.0019344954232022,21.0,103.0
sub-024,0.3,0.1323668199760896,0.1282457079120537,0.0041211120640358,31.0,103.0
sub-024,0.4,0.1323668199760896,0.12453681922514,0.0078300007509495,41.0,103.0
sub-024,0.5,0.1323668199760896,0.1226488458632369,0.0097179741128526,52.0,103.0
sub-024,0.6,0.1323668199760896,0.1193462631481791,0.0130205568279104,62.0,103.0
sub-024,0.7,0.1323668199760896,0.1194576923478245,0.012909127628265,72.0,103.0
sub-024,0.8,0.1323668199760896,0.1203700188435774,0.0119968011325121,82.0,103.0
sub-024,0.9,0.1323668199760896,0.1200226513205467,0.0123441686555428,93.0,103.0
sub-024,1.0,0.1323668199760896,0.1192378176103892,0.0131290023657003,103.0,103.0
sub-025,0.0,0.1350828860590367,0.1347880112460785,0.0002948748129581,0.0,103.0
sub-025,0.1,0.1350828860590367,0.13440089599975,0.0006819900592866,10.0,103.0
sub-025,0.2,0.1350828860590367,0.135685616245166,-0.0006027301861293,21.0,103.0
sub-025,0.3,0.1350828860590367,0.1316419166078721,0.0034409694511645,31.0,103.0
sub-025,0.4,0.1350828860590367,0.1302227721236358,0.0048601139354008,41.0,103.0
sub-025,0.5,0.1350828860590367,0.128957123370711,0.0061257626883257,52.0,103.0
sub-025,0.6,0.1350828860590367,0.1285850360467289,0.0064978500123077,62.0,103.0
sub-025,0.7,0.1350828860590367,0.1287775642681054,0.0063053217909312,72.0,103.0
sub-025,0.8,0.1350828860590367,0.1297044773178192,0.0053784087412174,82.0,103.0
sub-025,0.9,0.1350828860590367,0.1304414657419396,0.004641420317097,93.0,103.0
sub-025,1.0,0.1350828860590367,0.1303551506841438,0.0047277353748928,103.0,103.0
sub-026,0.0,0.1271796244953746,0.1271756677363499,3.956759024648093e-06,0.0,103.0
sub-026,0.1,0.1271796244953746,0.1280224784490305,-0.0008428539536559,10.0,103.0
sub-026,0.2,0.1271796244953746,0.1284752086452786,-0.0012955841499039,21.0,103.0
sub-026,0.3,0.1271796244953746,0.1289593871948743,-0.0017797626994997,31.0,103.0
sub-026,0.4,0.1271796244953746,0.1298875501320831,-0.0027079256367085,41.0,103.0
sub-026,0.5,0.1271796244953746,0.1303191506592205,-0.0031395261638459,52.0,103.0
sub-026,0.6,0.1271796244953746,0.1305592075184319,-0.0033795830230573,62.0,103.0
sub-026,0.7,0.1271796244953746,0.1310174914531486,-0.003837866957774,72.0,103.0
sub-026,0.8,0.1271796244953746,0.130706037004454,-0.0035264125090793,82.0,103.0
sub-026,0.9,0.1271796244953746,0.1310657352238074,-0.0038861107284328,93.0,103.0
sub-026,1.0,0.1271796244953746,0.1321545147135935,-0.0049748902182189,103.0,103.0
sub-027,0.0,0.1359453174358089,0.1362490182329276,-0.0003037007971187,0.0,103.0
sub-027,0.1,0.1359453174358089,0.1366472734292293,-0.0007019559934204,10.0,103.0
sub-027,0.2,0.1359453174358089,0.137908287652504,-0.0019629702166951,21.0,103.0
sub-027,0.3,0.1359453174358089,0.1372770204723468,-0.0013317030365379,31.0,103.0
sub-027,0.4,0.1359453174358089,0.136952897367683,-0.0010075799318741,41.0,103.0
sub-027,0.5,0.1359453174358089,0.1362985511034698,-0.0003532336676609,52.0,103.0
sub-027,0.6,0.1359453174358089,0.1346148759672019,0.0013304414686069,62.0,103.0
sub-027,0.7,0.1359453174358089,0.135795503370735,0.0001498140650738,72.0,103.0
sub-027,0.8,0.1359453174358089,0.1359733678234638,-2.805038765496537e-05,82.0,103.0
sub-027,0.9,0.1359453174358089,0.1333835835020406,0.0025617339337682,93.0,103.0
sub-027,1.0,0.1359453174358089,0.1297702313502536,0.0061750860855552,103.0,103.0
sub-028,0.0,0.1182047121035243,0.1178077627522673,0.0003969493512569,0.0,103.0
sub-028,0.1,0.1182047121035243,0.1205124869295784,-0.0023077748260541,10.0,103.0
sub-028,0.2,0.1182047121035243,0.1245660354276231,-0.0063613233240988,21.0,103.0
sub-028,0.3,0.1182047121035243,0.1290396956330795,-0.0108349835295552,31.0,103.0
sub-028,0.4,0.1182047121035243,0.1317538243845921,-0.0135491122810678,41.0,103.0
sub-028,0.5,0.1182047121035243,0.129620318291813,-0.0114156061882887,52.0,103.0
sub-028,0.6,0.1182047121035243,0.1234924458725757,-0.0052877337690514,62.0,103.0
sub-028,0.7,0.1182047121035243,0.1266867806526699,-0.0084820685491456,72.0,103.0
sub-028,0.8,0.1182047121035243,0.1282307383891098,-0.0100260262855855,82.0,103.0
sub-028,0.9,0.1182047121035243,0.130435997489562,-0.0122312853860377,93.0,103.0
sub-028,1.0,0.1182047121035243,0.1308112513860408,-0.0126065392825165,103.0,103.0
sub-029,0.0,0.1365428371486148,0.1372244319971274,-0.0006815948485126,0.0,103.0
sub-029,0.1,0.1365428371486148,0.1406145111234951,-0.0040716739748803,10.0,103.0
sub-029,0.2,0.1365428371486148,0.1395133322863664,-0.0029704951377516,21.0,103.0
sub-029,0.3,0.1365428371486148,0.1380442450553056,-0.0015014079066908,31.0,103.0
sub-029,0.4,0.1365428371486148,0.1340228431173514,0.0025199940312633,41.0,103.0
sub-029,0.5,0.1365428371486148,0.1291267110594197,0.007416126089195,52.0,103.0
sub-029,0.6,0.1365428371486148,0.125030854007533,0.0115119831410817,62.0,103.0
sub-029,0.7,0.1365428371486148,0.1267895618251882,0.0097532753234265,72.0,103.0
sub-029,0.8,0.1365428371486148,0.1274339074344897,0.009108929714125,82.0,103.0
sub-029,0.9,0.1365428371486148,0.1283371968726308,0.008205640275984,93.0,103.0
sub-029,1.0,0.1365428371486148,0.1288221561651297,0.007720680983485,103.0,103.0
sub-030,0.0,0.1347286289132384,0.1348179140157272,-8.928510248884525e-05,0.0,103.0
sub-030,0.1,0.1347286289132384,0.1359416957809524,-0.001213066867714,10.0,103.0
sub-030,0.2,0.1347286289132384,0.13646242168036,-0.0017337927671216,21.0,103.0
sub-030,0.3,0.1347286289132384,0.1370679114699949,-0.0023392825567565,31.0,103.0
sub-030,0.4,0.1347286289132384,0.1373690726280509,-0.0026404437148125,41.0,103.0
sub-030,0.5,0.1347286289132384,0.1366075602071375,-0.0018789312938991,52.0,103.0
sub-030,0.6,0.1347286289132384,0.1367761538908507,-0.0020475249776123,62.0,103.0
sub-030,0.7,0.1347286289132384,0.1358689595862681,-0.0011403306730297,72.0,103.0
sub-030,0.8,0.1347286289132384,0.127952718840458,0.0067759100727803,82.0,103.0
sub-030,0.9,0.1347286289132384,0.1275680111162047,0.0071606177970336,93.0,103.0
sub-030,1.0,0.1347286289132384,0.1266342871004353,0.008094341812803,103.0,103.0
sub-031,0.0,0.126133512103412,0.1273623440408608,-0.0012288319374488,0.0,103.0
sub-031,0.1,0.126133512103412,0.1239946391812966,0.0021388729221153,10.0,103.0
sub-031,0.2,0.126133512103412,0.1239017624961707,0.0022317496072412,21.0,103.0
sub-031,0.3,0.126133512103412,0.1235303710100532,0.0026031410933587,31.0,103.0
sub-031,0.4,0.126133512103412,0.1238622445389191,0.0022712675644928,41.0,103.0
sub-031,0.5,0.126133512103412,0.1227521706391837,0.0033813414642283,52.0,103.0
sub-031,0.6,0.126133512103412,0.1236196359934699,0.0025138761099421,62.0,103.0
sub-031,0.7,0.126133512103412,0.1206636729427732,0.0054698391606387,72.0,103.0
sub-031,0.8,0.126133512103412,0.1184165998402975,0.0077169122631144,82.0,103.0
sub-031,0.9,0.126133512103412,0.1184391063056895,0.0076944057977224,93.0,103.0
sub-031,1.0,0.126133512103412,0.1174932229019364,0.0086402892014756,103.0,103.0
sub-032,0.0,0.1234404220671683,0.1233543536302856,8.606843688267751e-05,0.0,103.0
sub-032,0.1,0.1234404220671683,0.1224998688435651,0.0009405532236031,10.0,103.0
sub-032,0.2,0.1234404220671683,0.1204186907615994,0.0030217313055688,21.0,103.0
sub-032,0.3,0.1234404220671683,0.1190457146013591,0.0043947074658092,31.0,103.0
sub-032,0.4,0.1234404220671683,0.1196945949604549,0.0037458271067133,41.0,103.0
sub-032,0.5,0.1234404220671683,0.1192881628265242,0.004152259240644,52.0,103.0
sub-032,0.6,0.1234404220671683,0.1157209802200964,0.0077194418470719,62.0,103.0
sub-032,0.7,0.1234404220671683,0.11868924366361,0.0047511784035583,72.0,103.0
sub-032,0.8,0.1234404220671683,0.1208476395356306,0.0025927825315376,82.0,103.0
sub-032,0.9,0.1234404220671683,0.1205335395508912,0.002906882516277,93.0,103.0
sub-032,1.0,0.1234404220671683,0.1223240794777528,0.0011163425894154,103.0,103.0
sub-033,0.0,0.1383781483451798,0.1380912633010143,0.0002868850441654,0.0,103.0
sub-033,0.1,0.1383781483451798,0.1371857809177896,0.0011923674273901,10.0,103.0
sub-033,0.2,0.1383781483451798,0.1376017292241857,0.000776419120994,21.0,103.0
sub-033,0.3,0.1383781483451798,0.1389945930441088,-0.000616444698929,31.0,103.0
sub-033,0.4,0.1383781483451798,0.1392363419454175,-0.0008581936002377,41.0,103.0
sub-033,0.5,0.1383781483451798,0.1364277360331895,0.0019504123119903,52.0,103.0
sub-033,0.6,0.1383781483451798,0.1341265301327522,0.0042516182124275,62.0,103.0
sub-033,0.7,0.1383781483451798,0.136927856869072,0.0014502914761077,72.0,103.0
sub-033,0.8,0.1383781483451798,0.1315373403132607,0.006840808031919,82.0,103.0
sub-033,0.9,0.1383781483451798,0.1307287970538371,0.0076493512913426,93.0,103.0
sub-033,1.0,0.1383781483451798,0.1304364154049892,0.0079417329401905,103.0,103.0
sub-034,0.0,0.1391152443397909,0.1393629166891643,-0.0002476723493734,0.0,103.0
sub-034,0.1,0.1391152443397909,0.1397063293208345,-0.0005910849810435,10.0,103.0
sub-034,0.2,0.1391152443397909,0.1399116049425377,-0.0007963606027468,21.0,103.0
sub-034,0.3,0.1391152443397909,0.1375950525793068,0.001520191760484,31.0,103.0
sub-034,0.4,0.1391152443397909,0.1316444159716155,0.0074708283681753,41.0,103.0
sub-034,0.5,0.1391152443397909,0.1323932406704172,0.0067220036693736,52.0,103.0
sub-034,0.6,0.1391152443397909,0.1325322502614649,0.0065829940783259,62.0,103.0
sub-034,0.7,0.1391152443397909,0.1330213551246091,0.0060938892151817,72.0,103.0
sub-034,0.8,0.1391152443397909,0.1291109077397742,0.0100043366000166,82.0,103.0
sub-034,0.9,0.1391152443397909,0.1289627270235308,0.0101525173162601,93.0,103.0
sub-034,1.0,0.1391152443397909,0.1292887739026632,0.0098264704371276,103.0,103.0
sub-035,0.0,0.1306927200880167,0.1308759212193291,-0.0001832011313123,0.0,103.0
sub-035,0.1,0.1306927200880167,0.1294470971245966,0.00124562296342,10.0,103.0
sub-035,0.2,0.1306927200880167,0.1302300861446472,0.0004626339433694,21.0,103.0
sub-035,0.3,0.1306927200880167,0.1308384557167305,-0.0001457356287138,31.0,103.0
sub-035,0.4,0.1306927200880167,0.1253257502948626,0.005366969793154,41.0,103.0
sub-035,0.5,0.1306927200880167,0.1219830079819266,0.00870971210609,52.0,103.0
sub-035,0.6,0.1306927200880167,0.1183860384935559,0.0123066815944607,62.0,103.0
sub-035,0.7,0.1306927200880167,0.1167315927481144,0.0139611273399022,72.0,103.0
sub-035,0.8,0.1306927200880167,0.1188208702458081,0.0118718498422085,82.0,103.0
sub-035,0.9,0.1306927200880167,0.1222118002526679,0.0084809198353487,93.0,103.0
sub-035,1.0,0.1306927200880167,0.1223141095495973,0.0083786105384193,103.0,103.0
sub-036,0.0,0.1353067681824868,0.1354335385839336,-0.0001267704014467,0.0,103.0
sub-036,0.1,0.1353067681824868,0.1339874177387348,0.0013193504437519,10.0,103.0
sub-036,0.2,0.1353067681824868,0.1314830747067134,0.0038236934757734,21.0,103.0
sub-036,0.3,0.1353067681824868,0.1277361196230231,0.0075706485594636,31.0,103.0
sub-036,0.4,0.1353067681824868,0.1186424749637555,0.0166642932187312,41.0,103.0
sub-036,0.5,0.1353067681824868,0.1196313943888468,0.0156753737936399,52.0,103.0
sub-036,0.6,0.1353067681824868,0.120263145014503,0.0150436231679837,62.0,103.0
sub-036,0.7,0.1353067681824868,0.1213206635598936,0.0139861046225931,72.0,103.0
sub-036,0.8,0.1353067681824868,0.1230485472767651,0.0122582209057216,82.0,103.0
sub-036,0.9,0.1353067681824868,0.1243627354051378,0.0109440327773489,93.0,103.0
sub-036,1.0,0.1353067681824868,0.1244443867675317,0.0108623814149551,103.0,103.0
sub-037,0.0,0.1366092379546929,0.1369339673806242,-0.0003247294259312,0.0,103.0
sub-037,0.1,0.1366092379546929,0.1368827916258823,-0.0002735536711894,10.0,103.0
sub-037,0.2,0.1366092379546929,0.1386599010476456,-0.0020506630929527,21.0,103.0
sub-037,0.3,0.1366092379546929,0.1381438404801415,-0.0015346025254486,31.0,103.0
sub-037,0.4,0.1366092379546929,0.1380172630001305,-0.0014080250454376,41.0,103.0
sub-037,0.5,0.1366092379546929,0.1380617363362294,-0.0014524983815365,52.0,103.0
sub-037,0.6,0.1366092379546929,0.1394534541496597,-0.0028442161949668,62.0,103.0
sub-037,0.7,0.1366092379546929,0.1382894479775585,-0.0016802100228655,72.0,103.0
sub-037,0.8,0.1366092379546929,0.1356991473505333,0.0009100906041596,82.0,103.0
sub-037,0.9,0.1366092379546929,0.1373856908093108,-0.0007764528546179,93.0,103.0
sub-037,1.0,0.1366092379546929,0.1336624811355716,0.0029467568191212,103.0,103.0
sub-038,0.0,0.1395644946724866,0.1395697392707238,-5.244598237252873e-06,0.0,103.0
sub-038,0.1,0.1395644946724866,0.1397494553756524,-0.0001849607031658,10.0,103.0
sub-038,0.2,0.1395644946724866,0.1418334282693716,-0.002268933596885,21.0,103.0
sub-038,0.3,0.1395644946724866,0.1422530541712118,-0.0026885594987252,31.0,103.0
sub-038,0.4,0.1395644946724866,0.1439286261198323,-0.0043641314473456,41.0,103.0
sub-038,0.5,0.1395644946724866,0.1440620779966616,-0.004497583324175,52.0,103.0
sub-038,0.6,0.1395644946724866,0.1438330451222967,-0.00426855044981,62.0,103.0
sub-038,0.7,0.1395644946724866,0.144196592573141,-0.0046320979006543,72.0,103.0
sub-038,0.8,0.1395644946724866,0.1400151908015324,-0.0004506961290458,82.0,103.0
sub-038,0.9,0.1395644946724866,0.1361817325513105,0.003382762121176,93.0,103.0
sub-038,1.0,0.1395644946724866,0.1325311242423684,0.0070333704301181,103.0,103.0
sub-039,0.0,0.1442555713647799,0.1442532917027493,2.279662030535423e-06,0.0,103.0
sub-039,0.1,0.1442555713647799,0.1452277808130224,-0.0009722094482425,10.0,103.0
sub-039,0.2,0.1442555713647799,0.1445327036040649,-0.000277132239285,21.0,103.0
sub-039,0.3,0.1442555713647799,0.1450475471768219,-0.000791975812042,31.0,103.0
sub-039,0.4,0.1442555713647799,0.1436170904361189,0.0006384809286609,41.0,103.0
sub-039,0.5,0.1442555713647799,0.1413446783560908,0.002910893008689,52.0,103.0
sub-039,0.6,0.1442555713647799,0.1395021852956992,0.0047533860690806,62.0,103.0
sub-039,0.7,0.1442555713647799,0.1356847937645602,0.0085707776002196,72.0,103.0
sub-039,0.8,0.1442555713647799,0.1301541650900424,0.0141014062747374,82.0,103.0
sub-039,0.9,0.1442555713647799,0.1288612033757768,0.015394367989003,93.0,103.0
sub-039,1.0,0.1442555713647799,0.1292692803366263,0.0149862910281535,103.0,103.0
sub-040,0.0,0.124471085076008,0.1248137700859016,-0.0003426850098936,0.0,103.0
sub-040,0.1,0.124471085076008,0.123416444806112,0.001054640269896,10.0,103.0
sub-040,0.2,0.124471085076008,0.1238543431027633,0.0006167419732446,21.0,103.0
sub-040,0.3,0.124471085076008,0.1208889290905786,0.0035821559854293,31.0,103.0
sub-040,0.4,0.124471085076008,0.1211065289802291,0.0033645560957788,41.0,103.0
sub-040,0.5,0.124471085076008,0.1209135193118663,0.0035575657641416,52.0,103.0
sub-040,0.6,0.124471085076008,0.121284313802135,0.0031867712738729,62.0,103.0
sub-040,0.7,0.124471085076008,0.1205377290646762,0.0039333560113317,72.0,103.0
sub-040,0.8,0.124471085076008,0.1214391490037641,0.0030319360722439,82.0,103.0
sub-040,0.9,0.124471085076008,0.1194984327582491,0.0049726523177588,93.0,103.0
sub-040,1.0,0.124471085076008,0.1182315731225167,0.0062395119534913,103.0,103.0
sub-041,0.0,0.1430436374058868,0.1428996689714031,0.0001439684344836,0.0,103.0
sub-041,0.1,0.1430436374058868,0.141389165642022,0.0016544717638647,10.0,103.0
sub-041,0.2,0.1430436374058868,0.1386505187945507,0.004393118611336,21.0,103.0
sub-041,0.3,0.1430436374058868,0.131282539662466,0.0117610977434207,31.0,103.0
sub-041,0.4,0.1430436374058868,0.1287265109216623,0.0143171264842244,41.0,103.0
sub-041,0.5,0.1430436374058868,0.128297735727957,0.0147459016779298,52.0,103.0
sub-041,0.6,0.1430436374058868,0.1284502283663973,0.0145934090394894,62.0,103.0
sub-041,0.7,0.1430436374058868,0.1285441250491367,0.01449951235675,72.0,103.0
sub-041,0.8,0.1430436374058868,0.1289511163440513,0.0140925210618354,82.0,103.0
sub-041,0.9,0.1430436374058868,0.1291542652063204,0.0138893721995663,93.0,103.0
sub-041,1.0,0.1430436374058868,0.1291070296776947,0.013936607728192,103.0,103.0
sub-042,0.0,0.1245539317711566,0.1271500914721386,-0.002596159700982,0.0,103.0
sub-042,0.1,0.1245539317711566,0.1262040864534927,-0.0016501546823361,10.0,103.0
sub-042,0.2,0.1245539317711566,0.1303433623258794,-0.0057894305547228,21.0,103.0
sub-042,0.3,0.1245539317711566,0.1268144066940254,-0.0022604749228688,31.0,103.0
sub-042,0.4,0.1245539317711566,0.1265739224568504,-0.0020199906856938,41.0,103.0
sub-042,0.5,0.1245539317711566,0.1298699088676764,-0.0053159770965198,52.0,103.0
sub-042,0.6,0.1245539317711566,0.1307910280215254,-0.0062370962503688,62.0,103.0
sub-042,0.7,0.1245539317711566,0.1318729834103485,-0.0073190516391919,72.0,103.0
sub-042,0.8,0.1245539317711566,0.1320062683099255,-0.0074523365387689,82.0,103.0
sub-042,0.9,0.1245539317711566,0.1323397227385629,-0.0077857909674063,93.0,103.0
sub-042,1.0,0.1245539317711566,0.1319867213750531,-0.0074327896038965,103.0,103.0
sub-043,0.0,0.1286191978387461,0.1296723382972815,-0.0010531404585354,0.0,103.0
sub-043,0.1,0.1286191978387461,0.1274516548621565,0.0011675429765895,10.0,103.0
sub-043,0.2,0.1286191978387461,0.1268359550625868,0.0017832427761592,21.0,103.0
sub-043,0.3,0.1286191978387461,0.1255317154767769,0.0030874823619691,31.0,103.0
sub-043,0.4,0.1286191978387461,0.1247178328931138,0.0039013649456322,41.0,103.0
sub-043,0.5,0.1286191978387461,0.1229193747412394,0.0056998230975066,52.0,103.0
sub-043,0.6,0.1286191978387461,0.1242973025147776,0.0043218953239684,62.0,103.0
sub-043,0.7,0.1286191978387461,0.1259219250229628,0.0026972728157833,72.0,103.0
sub-043,0.8,0.1286191978387461,0.1265277347406262,0.0020914630981198,82.0,103.0
sub-043,0.9,0.1286191978387461,0.1276041442538908,0.0010150535848552,93.0,103.0
sub-043,1.0,0.1286191978387461,0.1272580119153871,0.0013611859233589,103.0,103.0
