subject,global_modularity_auc,rt_transition_diff__flexibility_stability,rt_duration_diff__long-short
sub-001,0.1293925778012633,282.9472027972028,90.89705882352942
sub-002,0.1260736365592106,135.92857142857142,178.75406698564595
sub-003,0.1322010759052373,293.2229064039409,146.1052631578947
sub-004,0.1355070254551419,160.02969951083156,-4.442307692307679
sub-005,0.1295980917217657,260.5671451355662,13.234449760765557
sub-006,0.1139095451563088,120.62499999999997,102.26374207188161
sub-007,0.1340428766318349,46.23091133004928,108.60098522167485
sub-008,0.121690870618569,372.3278890600925,5.298245614035068
sub-009,0.1346065039690614,196.68165024630545,60.66071428571428
sub-010,0.1241261924920391,156.6625874125874,161.56638714185883
sub-011,0.1475177444835223,-106.32738095238095,15.251097178683395
sub-012,0.1404772771427652,58.28413424866514,37.301659125188564
sub-013,0.1434726558857889,108.3820662768031,43.031942633637556
sub-014,0.1188441199615205,191.39010989010987,94.88336192109777
sub-015,0.1412327142680101,281.4324675324675,67.32270657124269
sub-016,0.1264668493223129,69.73959183673469,-9.149999999999977
sub-017,0.11603831467667,281.13803840166065,-91.39231966787753
sub-018,0.125421085355157,83.52274754683317,112.5345238095238
sub-019,0.1316083222780341,114.01785714285714,22.644019138755993
sub-020,0.1368577811944499,20.910806174957145,-18.159958720330224
sub-021,0.1357978529068248,216.79811912225705,38.10056390977445
sub-022,0.1167072137547542,108.31694915254238,72.30084745762713
sub-023,0.1289094711721598,-59.946428571428555,147.2058823529412
sub-024,0.1323668199760896,65.97171945701353,87.62879205736346
sub-025,0.1350828860590367,243.3021778584392,63.52935835351087
sub-026,0.1271796244953746,-25.88711776187378,108.65681818181818
sub-027,0.1359453174358089,261.0182555780933,24.508417508417494
sub-028,0.1182047121035243,-159.14471243042675,213.08293460925034
sub-029,0.1365428371486148,141.18218390804597,146.8109195402299
sub-030,0.1347286289132384,126.17924528301887,69.80225193525683
sub-031,0.126133512103412,456.2754208754209,-19.110849056603797
sub-032,0.1234404220671683,241.33898305084745,54.32931034482755
sub-033,0.1383781483451798,195.88480392156862,54.10049220672684
sub-034,0.1391152443397909,114.50038138825323,-68.31471698113205
sub-035,0.1306927200880167,67.22569027611044,34.0548219287715
sub-036,0.1353067681824868,141.3221415607985,131.56386198547216
sub-037,0.1366092379546929,341.3202380952381,139.81038647342996
sub-038,0.1395644946724866,101.29561403508772,32.12711864406779
sub-039,0.1442555713647799,-33.01711229946525,23.289483065953647
sub-040,0.124471085076008,132.6602870813397,88.28899521531102
sub-041,0.1430436374058868,-28.600071607590394,114.19251336898392
sub-042,0.1245539317711566,166.20199778024417,19.76322604513507
sub-043,0.1286191978387461,421.41379310344826,112.8378136200717
