parameter,half,mean,median,sd,q25,q75,q2_5,q97_5,min,max
a1,half1,0.32785469394606165,0.3256015075866176,0.13088141085699573,0.24913935324861466,0.3992612943580576,0.05270642291463657,0.6027419357020342,-0.2531999548970812,0.8351465415392942
a1,half2,0.335120260360109,0.3312691452575838,0.12080304324663677,0.2582772743839486,0.40498168694991643,0.11049123726207813,0.5853647143715466,-0.07708348297320594,0.8173140052523713
b1,half1,-0.33535740193723035,-0.3426311664354037,0.20491379688402042,-0.45774001216700677,-0.19249709751500665,-0.730148953745989,0.037874541155917936,-1.1551260871341928,0.4253312867735638
b1,half2,-0.320048069677312,-0.31865605354181525,0.1909521734386321,-0.45166647634312596,-0.1941784339036715,-0.66848786777196,0.06543194221532561,-1.0291422246081339,0.1995065008818517
b3,half1,0.371193630953024,0.3771720864817182,0.21246238334525552,0.23220082439065737,0.5093534456622315,-0.041169963748817213,0.7856650088959792,-0.337522034342743,1.270366721678779
b3,half2,0.3773278641652308,0.3874645424310489,0.1967846182114759,0.2570593020777846,0.5025175176707103,-0.010980133489528992,0.752084488647117,-0.4243548147227498,1.5050902377950144
imm,half1,0.1234539133332543,0.11104646853113126,0.08854335649973832,0.058381225500836194,0.17784914535218696,-0.0147023011372523,0.3242836520233103,-0.09294672425484803,0.5877644218032929
imm,half2,0.12950315315707975,0.12000704308815764,0.08359296064775568,0.06923738282684826,0.1794352603901972,-0.0027586412593643863,0.31486941927160167,-0.06445877170059766,0.5172129921063082
ind_high,half1,-0.23353064206853277,-0.21484504239194718,0.1351364423409479,-0.31385539433690934,-0.1383163110224551,-0.5460270202398291,-0.012203264853944889,-0.872888817097026,0.1348641715632723
ind_high,half2,-0.23719802965202844,-0.22724242796785885,0.12686057998047526,-0.3061192920686392,-0.15156147143096033,-0.5325180994900243,-0.03359337509208524,-0.962310940162248,0.0565344844339368
ind_low,half1,0.01337718459797579,0.005712793189483917,0.1086733890807504,-0.05636532668565676,0.08235454823400398,-0.19435470107550246,0.23788298162026844,-0.2998257883475738,0.4666486974677568
ind_low,half2,0.021808276662131077,0.013412293134503081,0.10200701809517335,-0.04107697113703551,0.08396809795603653,-0.1750054200278834,0.2381147071862728,-0.28504263992607337,0.37787975857759104
