section,metric,value
design,split_method,SN gradient dispersion-median stratified 50/50 subject split
design,dispersion_stratum_variable,net_SalVentAttn_gradient_dispersion_mean
design,dispersion_median_cut_raw,0.0385940341072191
design,n_subjects_low_dispersion_stratum,22
design,n_subjects_high_dispersion_stratum,21
design,n_random_splits,1000
design,single_split_seed,42
single_split,imm_same_sign,True
single_split,imm_both_sig,False
single_split,a1_same_sign,True
single_split,b1_same_sign,True
single_split,b3_same_sign,True
single_split,ind_high_same_sign,True
single_split,ind_low_same_sign,False
single_split,ind_high_both_sig,False
single_split,ind_low_both_sig,False
sign_concordance,imm_same_sign_rate,0.913
sign_concordance,a1_same_sign_rate,0.989
sign_concordance,b1_same_sign_rate,0.904
sign_concordance,b3_same_sign_rate,0.924
sign_concordance,ind_high_same_sign_rate,0.978
sign_concordance,ind_low_same_sign_rate,0.168
sign_concordance,imm_same_sign_as_full_rate,0.913
full_sample,imm_point_estimate,0.12151605431492671
full_sample,imm_ci_lo,0.001344203806897824
full_sample,imm_ci_hi,0.2882611465915024
full_sample,full_ci_covers_repeated_imm_half1_median,True
full_sample,full_ci_covers_repeated_imm_half2_median,True
magnitude_stability,imm_half1_median,0.11104646853113126
magnitude_stability,imm_half1_q25,0.058381225500836194
magnitude_stability,imm_half1_q75,0.17784914535218696
magnitude_stability,imm_half1_sd,0.08854335649973832
magnitude_stability,imm_half1_q2_5,-0.0147023011372523
magnitude_stability,imm_half1_q97_5,0.3242836520233103
magnitude_stability,imm_half2_median,0.12000704308815764
magnitude_stability,imm_half2_q25,0.06923738282684826
magnitude_stability,imm_half2_q75,0.1794352603901972
magnitude_stability,imm_half2_sd,0.08359296064775568
magnitude_stability,imm_half2_q2_5,-0.0027586412593643863
magnitude_stability,imm_half2_q97_5,0.31486941927160167
magnitude_stability,imm_half1_half2_correlation,-0.7203728217521032
magnitude_stability,median_relative_deviation_from_full_imm,0.48024367229166476
magnitude_stability,q75_relative_deviation_from_full_imm,0.7920101418278703
magnitude_stability,splits_within_50pct_of_full_imm_rate,0.518
