subject,lesion_lambda,Q_intact_auc,Q_lesion_null_auc,deltaQ_null_auc,k_lesioned,k_roi_pool,global_modularity_auc,rt_transition_diff__flexibility_stability,rt_duration_diff__long-short
sub-001,0.0,0.1293925778012633,0.1293925778012633,0.0,0.0,103.0,0.1293925778012633,282.9472027972028,90.89705882352942
sub-001,0.1,0.1293925778012633,0.1299899711965887,-0.0005973933953254129,10.0,103.0,0.1293925778012633,282.9472027972028,90.89705882352942
sub-001,0.2,0.1293925778012633,0.1291901340770312,0.00020244372423208756,21.0,103.0,0.1293925778012633,282.9472027972028,90.89705882352942
sub-001,0.3,0.1293925778012633,0.1303386534712965,-0.000946075670033214,31.0,103.0,0.1293925778012633,282.9472027972028,90.89705882352942
sub-001,0.4,0.1293925778012633,0.1305041889592612,-0.0011116111579979049,41.0,103.0,0.1293925778012633,282.9472027972028,90.89705882352942
sub-001,0.5,0.1293925778012633,0.1308636221752907,-0.0014710443740274248,52.0,103.0,0.1293925778012633,282.9472027972028,90.89705882352942
sub-001,0.6,0.1293925778012633,0.1297375919454599,-0.0003450141441966037,62.0,103.0,0.1293925778012633,282.9472027972028,90.89705882352942
sub-001,0.7,0.1293925778012633,0.1276312221805024,0.0017613556207608794,72.0,103.0,0.1293925778012633,282.9472027972028,90.89705882352942
sub-001,0.8,0.1293925778012633,0.1278976144516237,0.001494963349639583,82.0,103.0,0.1293925778012633,282.9472027972028,90.89705882352942
sub-001,0.9,0.1293925778012633,0.1256058146139572,0.003786763187306086,93.0,103.0,0.1293925778012633,282.9472027972028,90.89705882352942
sub-001,1.0,0.1293925778012633,0.1252226752094979,0.00416990259176539,103.0,103.0,0.1293925778012633,282.9472027972028,90.89705882352942
sub-002,0.0,0.1260736365592106,0.1260736365592106,0.0,0.0,103.0,0.1260736365592106,135.92857142857142,178.75406698564595
sub-002,0.1,0.1260736365592106,0.1260461076812167,2.7528877993898693e-05,10.0,103.0,0.1260736365592106,135.92857142857142,178.75406698564595
sub-002,0.2,0.1260736365592106,0.125448021669123,0.0006256148900876113,21.0,103.0,0.1260736365592106,135.92857142857142,178.75406698564595
sub-002,0.3,0.1260736365592106,0.1260355874547717,3.804910443891418e-05,31.0,103.0,0.1260736365592106,135.92857142857142,178.75406698564595
sub-002,0.4,0.1260736365592106,0.1261782156277548,-0.00010457906854419163,41.0,103.0,0.1260736365592106,135.92857142857142,178.75406698564595
sub-002,0.5,0.1260736365592106,0.1263951837639518,-0.0003215472047412016,52.0,103.0,0.1260736365592106,135.92857142857142,178.75406698564595
sub-002,0.6,0.1260736365592106,0.1266825869164645,-0.0006089503572538901,62.0,103.0,0.1260736365592106,135.92857142857142,178.75406698564595
sub-002,0.7,0.1260736365592106,0.1265584361141418,-0.0004847995549311923,72.0,103.0,0.1260736365592106,135.92857142857142,178.75406698564595
sub-002,0.8,0.1260736365592106,0.1269645995267568,-0.0008909629675461772,82.0,103.0,0.1260736365592106,135.92857142857142,178.75406698564595
sub-002,0.9,0.1260736365592106,0.1259514862689063,0.00012215029030432367,93.0,103.0,0.1260736365592106,135.92857142857142,178.75406698564595
sub-002,1.0,0.1260736365592106,0.1268208959548862,-0.0007472593956755758,103.0,103.0,0.1260736365592106,135.92857142857142,178.75406698564595
sub-003,0.0,0.1322010759052373,0.1322010759052373,0.0,0.0,103.0,0.1322010759052373,293.2229064039409,146.1052631578947
sub-003,0.1,0.1322010759052373,0.1322448663806817,-4.379047544439407e-05,10.0,103.0,0.1322010759052373,293.2229064039409,146.1052631578947
sub-003,0.2,0.1322010759052373,0.1321822245475861,1.8851357651200606e-05,21.0,103.0,0.1322010759052373,293.2229064039409,146.1052631578947
sub-003,0.3,0.1322010759052373,0.1320733987734423,0.00012767713179501206,31.0,103.0,0.1322010759052373,293.2229064039409,146.1052631578947
sub-003,0.4,0.1322010759052373,0.1325542761510901,-0.0003532002458528083,41.0,103.0,0.1322010759052373,293.2229064039409,146.1052631578947
sub-003,0.5,0.1322010759052373,0.1322947076803472,-9.363177510990361e-05,52.0,103.0,0.1322010759052373,293.2229064039409,146.1052631578947
sub-003,0.6,0.1322010759052373,0.1323238150738246,-0.0001227391685872936,62.0,103.0,0.1322010759052373,293.2229064039409,146.1052631578947
sub-003,0.7,0.1322010759052373,0.1323831196924694,-0.00018204378723210568,72.0,103.0,0.1322010759052373,293.2229064039409,146.1052631578947
sub-003,0.8,0.1322010759052373,0.1325265733664369,-0.00032549746119958645,82.0,103.0,0.1322010759052373,293.2229064039409,146.1052631578947
sub-003,0.9,0.1322010759052373,0.1329920881559804,-0.0007910122507431006,93.0,103.0,0.1322010759052373,293.2229064039409,146.1052631578947
sub-003,1.0,0.1322010759052373,0.1329707979304126,-0.0007697220251753067,103.0,103.0,0.1322010759052373,293.2229064039409,146.1052631578947
sub-004,0.0,0.1355070254551419,0.1355070254551419,0.0,0.0,103.0,0.1355070254551419,160.02969951083156,-4.442307692307679
sub-004,0.1,0.1355070254551419,0.1358183103560207,-0.000311284900878811,10.0,103.0,0.1355070254551419,160.02969951083156,-4.442307692307679
sub-004,0.2,0.1355070254551419,0.1354050786769136,0.00010194677822830678,21.0,103.0,0.1355070254551419,160.02969951083156,-4.442307692307679
sub-004,0.3,0.1355070254551419,0.1355453554380637,-3.832998292180312e-05,31.0,103.0,0.1355070254551419,160.02969951083156,-4.442307692307679
sub-004,0.4,0.1355070254551419,0.1363867233989022,-0.0008796979437603047,41.0,103.0,0.1355070254551419,160.02969951083156,-4.442307692307679
sub-004,0.5,0.1355070254551419,0.1365296283590078,-0.0010226029038659101,52.0,103.0,0.1355070254551419,160.02969951083156,-4.442307692307679
sub-004,0.6,0.1355070254551419,0.1363199527892567,-0.0008129273341148102,62.0,103.0,0.1355070254551419,160.02969951083156,-4.442307692307679
sub-004,0.7,0.1355070254551419,0.135715348526892,-0.00020832307175008835,72.0,103.0,0.1355070254551419,160.02969951083156,-4.442307692307679
sub-004,0.8,0.1355070254551419,0.1353140934590384,0.00019293199610351253,82.0,103.0,0.1355070254551419,160.02969951083156,-4.442307692307679
sub-004,0.9,0.1355070254551419,0.1343923423492556,0.001114683105886305,93.0,103.0,0.1355070254551419,160.02969951083156,-4.442307692307679
sub-004,1.0,0.1355070254551419,0.1347766809678799,0.0007303444872620024,103.0,103.0,0.1355070254551419,160.02969951083156,-4.442307692307679
sub-005,0.0,0.1295980917217657,0.1295980917217657,0.0,0.0,103.0,0.1295980917217657,260.5671451355662,13.234449760765555
sub-005,0.1,0.1295980917217657,0.1286593831479971,0.0009387085737685985,10.0,103.0,0.1295980917217657,260.5671451355662,13.234449760765555
sub-005,0.2,0.1295980917217657,0.1292707368673863,0.0003273548543794025,21.0,103.0,0.1295980917217657,260.5671451355662,13.234449760765555
sub-005,0.3,0.1295980917217657,0.1305743707523316,-0.0009762790305659075,31.0,103.0,0.1295980917217657,260.5671451355662,13.234449760765555
sub-005,0.4,0.1295980917217657,0.131068884339558,-0.001470792617792288,41.0,103.0,0.1295980917217657,260.5671451355662,13.234449760765555
sub-005,0.5,0.1295980917217657,0.1309923851473489,-0.0013942934255831985,52.0,103.0,0.1295980917217657,260.5671451355662,13.234449760765555
sub-005,0.6,0.1295980917217657,0.1308898440337243,-0.001291752311958605,62.0,103.0,0.1295980917217657,260.5671451355662,13.234449760765555
sub-005,0.7,0.1295980917217657,0.13151373194417,-0.0019156402224042857,72.0,103.0,0.1295980917217657,260.5671451355662,13.234449760765555
sub-005,0.8,0.1295980917217657,0.132219787746845,-0.0026216960250793064,82.0,103.0,0.1295980917217657,260.5671451355662,13.234449760765555
sub-005,0.9,0.1295980917217657,0.1336901100696569,-0.004092018347891191,93.0,103.0,0.1295980917217657,260.5671451355662,13.234449760765555
sub-005,1.0,0.1295980917217657,0.1338585637519222,-0.0042604720301565036,103.0,103.0,0.1295980917217657,260.5671451355662,13.234449760765555
sub-006,0.0,0.1139095451563088,0.1139095451563088,0.0,0.0,103.0,0.1139095451563088,120.62499999999996,102.2637420718816
sub-006,0.1,0.1139095451563088,0.1129327761487742,0.0009767690075346003,10.0,103.0,0.1139095451563088,120.62499999999996,102.2637420718816
sub-006,0.2,0.1139095451563088,0.1119439376115859,0.0019656075447229,21.0,103.0,0.1139095451563088,120.62499999999996,102.2637420718816
sub-006,0.3,0.1139095451563088,0.1120465998278379,0.0018629453284708941,31.0,103.0,0.1139095451563088,120.62499999999996,102.2637420718816
sub-006,0.4,0.1139095451563088,0.1138865567354527,2.2988420856101532e-05,41.0,103.0,0.1139095451563088,120.62499999999996,102.2637420718816
sub-006,0.5,0.1139095451563088,0.1127554022898008,0.0011541428665080011,52.0,103.0,0.1139095451563088,120.62499999999996,102.2637420718816
sub-006,0.6,0.1139095451563088,0.114692185133879,-0.0007826399775701931,62.0,103.0,0.1139095451563088,120.62499999999996,102.2637420718816
sub-006,0.7,0.1139095451563088,0.1152989656904433,-0.0013894205341345028,72.0,103.0,0.1139095451563088,120.62499999999996,102.2637420718816
sub-006,0.8,0.1139095451563088,0.1150961022976234,-0.0011865571413146037,82.0,103.0,0.1139095451563088,120.62499999999996,102.2637420718816
sub-006,0.9,0.1139095451563088,0.1147781573425171,-0.0008686121862083035,93.0,103.0,0.1139095451563088,120.62499999999996,102.2637420718816
sub-006,1.0,0.1139095451563088,0.1173747628124038,-0.0034652176560950043,103.0,103.0,0.1139095451563088,120.62499999999996,102.2637420718816
sub-007,0.0,0.1340428766318349,0.1340428766318349,0.0,0.0,103.0,0.1340428766318349,46.23091133004928,108.60098522167485
sub-007,0.1,0.1340428766318349,0.1341066539582941,-6.377732645920786e-05,10.0,103.0,0.1340428766318349,46.23091133004928,108.60098522167485
sub-007,0.2,0.1340428766318349,0.134111176641275,-6.830000944010872e-05,21.0,103.0,0.1340428766318349,46.23091133004928,108.60098522167485
sub-007,0.3,0.1340428766318349,0.1344135847219517,-0.0003707080901168003,31.0,103.0,0.1340428766318349,46.23091133004928,108.60098522167485
sub-007,0.4,0.1340428766318349,0.1346448926310989,-0.0006020159992640162,41.0,103.0,0.1340428766318349,46.23091133004928,108.60098522167485
sub-007,0.5,0.1340428766318349,0.1345124177680987,-0.0004695411362637958,52.0,103.0,0.1340428766318349,46.23091133004928,108.60098522167485
sub-007,0.6,0.1340428766318349,0.1343757868880842,-0.0003329102562492914,62.0,103.0,0.1340428766318349,46.23091133004928,108.60098522167485
sub-007,0.7,0.1340428766318349,0.1348537941566401,-0.0008109175248051936,72.0,103.0,0.1340428766318349,46.23091133004928,108.60098522167485
sub-007,0.8,0.1340428766318349,0.1354827328072393,-0.0014398561754044026,82.0,103.0,0.1340428766318349,46.23091133004928,108.60098522167485
sub-007,0.9,0.1340428766318349,0.134991774590972,-0.0009488979591371072,93.0,103.0,0.1340428766318349,46.23091133004928,108.60098522167485
sub-007,1.0,0.1340428766318349,0.1347888600534969,-0.0007459834216620165,103.0,103.0,0.1340428766318349,46.23091133004928,108.60098522167485
sub-008,0.0,0.121690870618569,0.121690870618569,0.0,0.0,103.0,0.121690870618569,372.3278890600925,5.298245614035068
sub-008,0.1,0.121690870618569,0.1218847483212143,-0.000193877702645312,10.0,103.0,0.121690870618569,372.3278890600925,5.298245614035068
sub-008,0.2,0.121690870618569,0.1223076679209495,-0.0006167973023805118,21.0,103.0,0.121690870618569,372.3278890600925,5.298245614035068
sub-008,0.3,0.121690870618569,0.1232110479653168,-0.0015201773467478086,31.0,103.0,0.121690870618569,372.3278890600925,5.298245614035068
sub-008,0.4,0.121690870618569,0.1230744371421949,-0.0013835665236259093,41.0,103.0,0.121690870618569,372.3278890600925,5.298245614035068
sub-008,0.5,0.121690870618569,0.121245879593997,0.000444991024571989,52.0,103.0,0.121690870618569,372.3278890600925,5.298245614035068
sub-008,0.6,0.121690870618569,0.1213397754591499,0.00035109515941909863,62.0,103.0,0.121690870618569,372.3278890600925,5.298245614035068
sub-008,0.7,0.121690870618569,0.1215830909749243,0.00010777964364469539,72.0,103.0,0.121690870618569,372.3278890600925,5.298245614035068
sub-008,0.8,0.121690870618569,0.1214251883152413,0.0002656823033276995,82.0,103.0,0.121690870618569,372.3278890600925,5.298245614035068
sub-008,0.9,0.121690870618569,0.1214933716502486,0.00019749896832040037,93.0,103.0,0.121690870618569,372.3278890600925,5.298245614035068
sub-008,1.0,0.121690870618569,0.1215400407131289,0.00015082990544008912,103.0,103.0,0.121690870618569,372.3278890600925,5.298245614035068
sub-009,0.0,0.1346065039690614,0.1346065039690614,0.0,0.0,103.0,0.1346065039690614,196.68165024630545,60.66071428571428
sub-009,0.1,0.1346065039690614,0.1343147290595828,0.0002917749094785982,10.0,103.0,0.1346065039690614,196.68165024630545,60.66071428571428
sub-009,0.2,0.1346065039690614,0.1343977200718577,0.0002087838972036904,21.0,103.0,0.1346065039690614,196.68165024630545,60.66071428571428
sub-009,0.3,0.1346065039690614,0.1343763342354432,0.00023016973361819626,31.0,103.0,0.1346065039690614,196.68165024630545,60.66071428571428
sub-009,0.4,0.1346065039690614,0.1344343035835983,0.00017220038546308936,41.0,103.0,0.1346065039690614,196.68165024630545,60.66071428571428
sub-009,0.5,0.1346065039690614,0.1326244644564391,0.0019820395126222967,52.0,103.0,0.1346065039690614,196.68165024630545,60.66071428571428
sub-009,0.6,0.1346065039690614,0.1323724421813482,0.0022340617877132096,62.0,103.0,0.1346065039690614,196.68165024630545,60.66071428571428
sub-009,0.7,0.1346065039690614,0.1317679086630338,0.0028385953060275915,72.0,103.0,0.1346065039690614,196.68165024630545,60.66071428571428
sub-009,0.8,0.1346065039690614,0.1313838466357647,0.0032226573332967134,82.0,103.0,0.1346065039690614,196.68165024630545,60.66071428571428
sub-009,0.9,0.1346065039690614,0.1314324379472032,0.003174066021858213,93.0,103.0,0.1346065039690614,196.68165024630545,60.66071428571428
sub-009,1.0,0.1346065039690614,0.1324631731266986,0.0021433308423627895,103.0,103.0,0.1346065039690614,196.68165024630545,60.66071428571428
sub-010,0.0,0.1241261924920391,0.1241261924920391,0.0,0.0,103.0,0.1241261924920391,156.6625874125874,161.56638714185885
sub-010,0.1,0.1241261924920391,0.1235352679213296,0.0005909245707095001,10.0,103.0,0.1241261924920391,156.6625874125874,161.56638714185885
sub-010,0.2,0.1241261924920391,0.1246508264734392,-0.0005246339814000966,21.0,103.0,0.1241261924920391,156.6625874125874,161.56638714185885
sub-010,0.3,0.1241261924920391,0.1244316676389811,-0.00030547514694199973,31.0,103.0,0.1241261924920391,156.6625874125874,161.56638714185885
sub-010,0.4,0.1241261924920391,0.1228922795542199,0.001233912937819201,41.0,103.0,0.1241261924920391,156.6625874125874,161.56638714185885
sub-010,0.5,0.1241261924920391,0.1225320624457861,0.0015941300462530006,52.0,103.0,0.1241261924920391,156.6625874125874,161.56638714185885
sub-010,0.6,0.1241261924920391,0.122211928629385,0.0019142638626541003,62.0,103.0,0.1241261924920391,156.6625874125874,161.56638714185885
sub-010,0.7,0.1241261924920391,0.1209478778097052,0.0031783146823338992,72.0,103.0,0.1241261924920391,156.6625874125874,161.56638714185885
sub-010,0.8,0.1241261924920391,0.1212817186634047,0.0028444738286343973,82.0,103.0,0.1241261924920391,156.6625874125874,161.56638714185885
sub-010,0.9,0.1241261924920391,0.1210448103005579,0.0030813821914811995,93.0,103.0,0.1241261924920391,156.6625874125874,161.56638714185885
sub-010,1.0,0.1241261924920391,0.1205652846448225,0.0035609078472166045,103.0,103.0,0.1241261924920391,156.6625874125874,161.56638714185885
sub-011,0.0,0.1475177444835223,0.1475177444835223,0.0,0.0,103.0,0.1475177444835223,-106.32738095238096,15.251097178683397
sub-011,0.1,0.1475177444835223,0.1473024586579573,0.00021528582556501474,10.0,103.0,0.1475177444835223,-106.32738095238096,15.251097178683397
sub-011,0.2,0.1475177444835223,0.145858925118431,0.001658819365091324,21.0,103.0,0.1475177444835223,-106.32738095238096,15.251097178683397
sub-011,0.3,0.1475177444835223,0.1456187183767035,0.001899026106818802,31.0,103.0,0.1475177444835223,-106.32738095238096,15.251097178683397
sub-011,0.4,0.1475177444835223,0.1453896795348207,0.0021280649487016023,41.0,103.0,0.1475177444835223,-106.32738095238096,15.251097178683397
sub-011,0.5,0.1475177444835223,0.1447780038862875,0.0027397405972348077,52.0,103.0,0.1475177444835223,-106.32738095238096,15.251097178683397
sub-011,0.6,0.1475177444835223,0.1446045597287066,0.002913184754815723,62.0,103.0,0.1475177444835223,-106.32738095238096,15.251097178683397
sub-011,0.7,0.1475177444835223,0.1449801770530839,0.0025375674304384255,72.0,103.0,0.1475177444835223,-106.32738095238096,15.251097178683397
sub-011,0.8,0.1475177444835223,0.1446411186290352,0.0028766258544871137,82.0,103.0,0.1475177444835223,-106.32738095238096,15.251097178683397
sub-011,0.9,0.1475177444835223,0.1446399881746208,0.0028777563089015246,93.0,103.0,0.1475177444835223,-106.32738095238096,15.251097178683397
sub-011,1.0,0.1475177444835223,0.143859933700589,0.003657810782933313,103.0,103.0,0.1475177444835223,-106.32738095238096,15.251097178683397
sub-012,0.0,0.1404772771427652,0.1404772771427652,0.0,0.0,103.0,0.1404772771427652,58.28413424866514,37.30165912518856
sub-012,0.1,0.1404772771427652,0.1410304264704912,-0.000553149327725988,10.0,103.0,0.1404772771427652,58.28413424866514,37.30165912518856
sub-012,0.2,0.1404772771427652,0.1402556248348951,0.00022165230787010715,21.0,103.0,0.1404772771427652,58.28413424866514,37.30165912518856
sub-012,0.3,0.1404772771427652,0.1401260081915274,0.00035126895123779867,31.0,103.0,0.1404772771427652,58.28413424866514,37.30165912518856
sub-012,0.4,0.1404772771427652,0.1404893565089732,-1.2079366208006537e-05,41.0,103.0,0.1404772771427652,58.28413424866514,37.30165912518856
sub-012,0.5,0.1404772771427652,0.1405833425672573,-0.00010606542449209666,52.0,103.0,0.1404772771427652,58.28413424866514,37.30165912518856
sub-012,0.6,0.1404772771427652,0.140219766334297,0.00025751080846819763,62.0,103.0,0.1404772771427652,58.28413424866514,37.30165912518856
sub-012,0.7,0.1404772771427652,0.1406018789850317,-0.0001246018422665085,72.0,103.0,0.1404772771427652,58.28413424866514,37.30165912518856
sub-012,0.8,0.1404772771427652,0.1407512965989312,-0.0002740194561660081,82.0,103.0,0.1404772771427652,58.28413424866514,37.30165912518856
sub-012,0.9,0.1404772771427652,0.140938235424791,-0.0004609582820258029,93.0,103.0,0.1404772771427652,58.28413424866514,37.30165912518856
sub-012,1.0,0.1404772771427652,0.1402639018937391,0.00021337524902609317,103.0,103.0,0.1404772771427652,58.28413424866514,37.30165912518856
sub-013,0.0,0.1434726558857889,0.1434726558857889,0.0,0.0,103.0,0.1434726558857889,108.3820662768031,43.03194263363756
sub-013,0.1,0.1434726558857889,0.1434245884850032,4.806740078569516e-05,10.0,103.0,0.1434726558857889,108.3820662768031,43.03194263363756
sub-013,0.2,0.1434726558857889,0.1427272604269507,0.0007453954588381995,21.0,103.0,0.1434726558857889,108.3820662768031,43.03194263363756
sub-013,0.3,0.1434726558857889,0.1424714871528559,0.0010011687329329888,31.0,103.0,0.1434726558857889,108.3820662768031,43.03194263363756
sub-013,0.4,0.1434726558857889,0.142295409715157,0.0011772461706318904,41.0,103.0,0.1434726558857889,108.3820662768031,43.03194263363756
sub-013,0.5,0.1434726558857889,0.1419352631278096,0.001537392757979289,52.0,103.0,0.1434726558857889,108.3820662768031,43.03194263363756
sub-013,0.6,0.1434726558857889,0.1428462719003679,0.0006263839854210029,62.0,103.0,0.1434726558857889,108.3820662768031,43.03194263363756
sub-013,0.7,0.1434726558857889,0.1431401502550118,0.0003325056307770802,72.0,103.0,0.1434726558857889,108.3820662768031,43.03194263363756
sub-013,0.8,0.1434726558857889,0.1424150970796113,0.0010575588061775831,82.0,103.0,0.1434726558857889,108.3820662768031,43.03194263363756
sub-013,0.9,0.1434726558857889,0.1414215672680951,0.0020510886176937915,93.0,103.0,0.1434726558857889,108.3820662768031,43.03194263363756
sub-013,1.0,0.1434726558857889,0.140308682599957,0.0031639732858319003,103.0,103.0,0.1434726558857889,108.3820662768031,43.03194263363756
sub-014,0.0,0.1188441199615205,0.1188441199615205,0.0,0.0,103.0,0.1188441199615205,191.39010989010987,94.88336192109776
sub-014,0.1,0.1188441199615205,0.1212083953718004,-0.0023642754102799063,10.0,103.0,0.1188441199615205,191.39010989010987,94.88336192109776
sub-014,0.2,0.1188441199615205,0.1210533804430639,-0.002209260481543393,21.0,103.0,0.1188441199615205,191.39010989010987,94.88336192109776
sub-014,0.3,0.1188441199615205,0.119434551093614,-0.0005904311320935052,31.0,103.0,0.1188441199615205,191.39010989010987,94.88336192109776
sub-014,0.4,0.1188441199615205,0.1191699575083526,-0.00032583754683210286,41.0,103.0,0.1188441199615205,191.39010989010987,94.88336192109776
sub-014,0.5,0.1188441199615205,0.1195666771624294,-0.0007225572009088993,52.0,103.0,0.1188441199615205,191.39010989010987,94.88336192109776
sub-014,0.6,0.1188441199615205,0.1216253959797237,-0.002781276018203202,62.0,103.0,0.1188441199615205,191.39010989010987,94.88336192109776
sub-014,0.7,0.1188441199615205,0.1194809299416478,-0.0006368099801273008,72.0,103.0,0.1188441199615205,191.39010989010987,94.88336192109776
sub-014,0.8,0.1188441199615205,0.119241396191588,-0.0003972762300674948,82.0,103.0,0.1188441199615205,191.39010989010987,94.88336192109776
sub-014,0.9,0.1188441199615205,0.1190086957443174,-0.00016457578279689689,93.0,103.0,0.1188441199615205,191.39010989010987,94.88336192109776
sub-014,1.0,0.1188441199615205,0.1182049402449808,0.0006391797165397062,103.0,103.0,0.1188441199615205,191.39010989010987,94.88336192109776
sub-015,0.0,0.1412327142680101,0.1412327142680101,0.0,0.0,103.0,0.1412327142680101,281.4324675324675,67.32270657124269
sub-015,0.1,0.1412327142680101,0.141211881551078,2.083271693209543e-05,10.0,103.0,0.1412327142680101,281.4324675324675,67.32270657124269
sub-015,0.2,0.1412327142680101,0.1417872356168947,-0.0005545213488846179,21.0,103.0,0.1412327142680101,281.4324675324675,67.32270657124269
sub-015,0.3,0.1412327142680101,0.1412222600718503,1.0454196159803697e-05,31.0,103.0,0.1412327142680101,281.4324675324675,67.32270657124269
sub-015,0.4,0.1412327142680101,0.141108554520578,0.000124159747432101,41.0,103.0,0.1412327142680101,281.4324675324675,67.32270657124269
sub-015,0.5,0.1412327142680101,0.1407293972631976,0.0005033170048124869,52.0,103.0,0.1412327142680101,281.4324675324675,67.32270657124269
sub-015,0.6,0.1412327142680101,0.1411415676037401,9.114666426998652e-05,62.0,103.0,0.1412327142680101,281.4324675324675,67.32270657124269
sub-015,0.7,0.1412327142680101,0.1402015493322405,0.0010311649357696018,72.0,103.0,0.1412327142680101,281.4324675324675,67.32270657124269
sub-015,0.8,0.1412327142680101,0.1399003239281333,0.0013323903398767822,82.0,103.0,0.1412327142680101,281.4324675324675,67.32270657124269
sub-015,0.9,0.1412327142680101,0.1392945301031135,0.0019381841648966058,93.0,103.0,0.1412327142680101,281.4324675324675,67.32270657124269
sub-015,1.0,0.1412327142680101,0.1387236976356708,0.002509016632339295,103.0,103.0,0.1412327142680101,281.4324675324675,67.32270657124269
sub-016,0.0,0.1264668493223129,0.1264668493223129,0.0,0.0,103.0,0.1264668493223129,69.73959183673469,-9.149999999999975
sub-016,0.1,0.1264668493223129,0.1261251797838923,0.00034166953842060255,10.0,103.0,0.1264668493223129,69.73959183673469,-9.149999999999975
sub-016,0.2,0.1264668493223129,0.1270029365556177,-0.0005360872333048106,21.0,103.0,0.1264668493223129,69.73959183673469,-9.149999999999975
sub-016,0.3,0.1264668493223129,0.1270803583193463,-0.0006135089970334129,31.0,103.0,0.1264668493223129,69.73959183673469,-9.149999999999975
sub-016,0.4,0.1264668493223129,0.1272066916145585,-0.0007398422922456072,41.0,103.0,0.1264668493223129,69.73959183673469,-9.149999999999975
sub-016,0.5,0.1264668493223129,0.1268723515984897,-0.0004055022761768057,52.0,103.0,0.1264668493223129,69.73959183673469,-9.149999999999975
sub-016,0.6,0.1264668493223129,0.1265240194359869,-5.7170113674009926e-05,62.0,103.0,0.1264668493223129,69.73959183673469,-9.149999999999975
sub-016,0.7,0.1264668493223129,0.1275031178461366,-0.0010362685238237135,72.0,103.0,0.1264668493223129,69.73959183673469,-9.149999999999975
sub-016,0.8,0.1264668493223129,0.1269232980452286,-0.0004564487229156977,82.0,103.0,0.1264668493223129,69.73959183673469,-9.149999999999975
sub-016,0.9,0.1264668493223129,0.1270644293635451,-0.0005975800412321985,93.0,103.0,0.1264668493223129,69.73959183673469,-9.149999999999975
sub-016,1.0,0.1264668493223129,0.1268836038945068,-0.00041675457219392253,103.0,103.0,0.1264668493223129,69.73959183673469,-9.149999999999975
sub-017,0.0,0.11603831467667,0.11603831467667,0.0,0.0,103.0,0.11603831467667,281.13803840166065,-91.39231966787752
sub-017,0.1,0.11603831467667,0.1171524159264714,-0.0011141012498013941,10.0,103.0,0.11603831467667,281.13803840166065,-91.39231966787752
sub-017,0.2,0.11603831467667,0.1169109253861076,-0.0008726107094376018,21.0,103.0,0.11603831467667,281.13803840166065,-91.39231966787752
sub-017,0.3,0.11603831467667,0.1150324086148777,0.0010059060617923082,31.0,103.0,0.11603831467667,281.13803840166065,-91.39231966787752
sub-017,0.4,0.11603831467667,0.1164797440485332,-0.0004414293718632001,41.0,103.0,0.11603831467667,281.13803840166065,-91.39231966787752
sub-017,0.5,0.11603831467667,0.1171892365798343,-0.0011509219031642925,52.0,103.0,0.11603831467667,281.13803840166065,-91.39231966787752
sub-017,0.6,0.11603831467667,0.1178858103749705,-0.0018474956983005053,62.0,103.0,0.11603831467667,281.13803840166065,-91.39231966787752
sub-017,0.7,0.11603831467667,0.1178443672613567,-0.0018060525846867043,72.0,103.0,0.11603831467667,281.13803840166065,-91.39231966787752
sub-017,0.8,0.11603831467667,0.1187754850678504,-0.0027371703911804046,82.0,103.0,0.11603831467667,281.13803840166065,-91.39231966787752
sub-017,0.9,0.11603831467667,0.1195826018730709,-0.0035442871964009026,93.0,103.0,0.11603831467667,281.13803840166065,-91.39231966787752
sub-017,1.0,0.11603831467667,0.1208332411121235,-0.004794926435453498,103.0,103.0,0.11603831467667,281.13803840166065,-91.39231966787752
sub-018,0.0,0.125421085355157,0.125421085355157,0.0,0.0,103.0,0.125421085355157,83.52274754683317,112.5345238095238
sub-018,0.1,0.125421085355157,0.1239249126097727,0.0014961727453843,10.0,103.0,0.125421085355157,83.52274754683317,112.5345238095238
sub-018,0.2,0.125421085355157,0.1226625782121576,0.0027585071429993974,21.0,103.0,0.125421085355157,83.52274754683317,112.5345238095238
sub-018,0.3,0.125421085355157,0.1228734075012987,0.0025476778538583017,31.0,103.0,0.125421085355157,83.52274754683317,112.5345238095238
sub-018,0.4,0.125421085355157,0.1229574561614931,0.0024636291936638993,41.0,103.0,0.125421085355157,83.52274754683317,112.5345238095238
sub-018,0.5,0.125421085355157,0.1231654397438897,0.0022556456112673012,52.0,103.0,0.125421085355157,83.52274754683317,112.5345238095238
sub-018,0.6,0.125421085355157,0.1229262242705004,0.002494861084656602,62.0,103.0,0.125421085355157,83.52274754683317,112.5345238095238
sub-018,0.7,0.125421085355157,0.1231395534423205,0.002281531912836504,72.0,103.0,0.125421085355157,83.52274754683317,112.5345238095238
sub-018,0.8,0.125421085355157,0.1237243941532946,0.001696691201862402,82.0,103.0,0.125421085355157,83.52274754683317,112.5345238095238
sub-018,0.9,0.125421085355157,0.125309704293773,0.00011138106138400272,93.0,103.0,0.125421085355157,83.52274754683317,112.5345238095238
sub-018,1.0,0.125421085355157,0.1252668931309168,0.00015419222424020718,103.0,103.0,0.125421085355157,83.52274754683317,112.5345238095238
sub-019,0.0,0.1316083222780341,0.1316083222780341,0.0,0.0,103.0,0.1316083222780341,114.01785714285714,22.644019138756
sub-019,0.1,0.1316083222780341,0.1324692927698664,-0.0008609704918323136,10.0,103.0,0.1316083222780341,114.01785714285714,22.644019138756
sub-019,0.2,0.1316083222780341,0.1316913427418744,-8.302046384031647e-05,21.0,103.0,0.1316083222780341,114.01785714285714,22.644019138756
sub-019,0.3,0.1316083222780341,0.1314008800606988,0.00020744221733529078,31.0,103.0,0.1316083222780341,114.01785714285714,22.644019138756
sub-019,0.4,0.1316083222780341,0.1324117834970496,-0.0008034612190155055,41.0,103.0,0.1316083222780341,114.01785714285714,22.644019138756
sub-019,0.5,0.1316083222780341,0.1326254321794606,-0.001017109901426505,52.0,103.0,0.1316083222780341,114.01785714285714,22.644019138756
sub-019,0.6,0.1316083222780341,0.1319436751107504,-0.0003353528327162958,62.0,103.0,0.1316083222780341,114.01785714285714,22.644019138756
sub-019,0.7,0.1316083222780341,0.1331580265107158,-0.0015497042326816923,72.0,103.0,0.1316083222780341,114.01785714285714,22.644019138756
sub-019,0.8,0.1316083222780341,0.1322672635444125,-0.0006589412663784155,82.0,103.0,0.1316083222780341,114.01785714285714,22.644019138756
sub-019,0.9,0.1316083222780341,0.1323895355107399,-0.0007812132327058019,93.0,103.0,0.1316083222780341,114.01785714285714,22.644019138756
sub-019,1.0,0.1316083222780341,0.131561411365928,4.6910912106096214e-05,103.0,103.0,0.1316083222780341,114.01785714285714,22.644019138756
sub-020,0.0,0.1368577811944499,0.1368577811944499,0.0,0.0,103.0,0.1368577811944499,20.910806174957145,-18.159958720330224
sub-020,0.1,0.1368577811944499,0.1353552746814122,0.0015025065130377102,10.0,103.0,0.1368577811944499,20.910806174957145,-18.159958720330224
sub-020,0.2,0.1368577811944499,0.1362862483410317,0.0005715328534182107,21.0,103.0,0.1368577811944499,20.910806174957145,-18.159958720330224
sub-020,0.3,0.1368577811944499,0.1350067598218707,0.0018510213725792257,31.0,103.0,0.1368577811944499,20.910806174957145,-18.159958720330224
sub-020,0.4,0.1368577811944499,0.1339168290738951,0.002940952120554813,41.0,103.0,0.1368577811944499,20.910806174957145,-18.159958720330224
sub-020,0.5,0.1368577811944499,0.1319146663042632,0.004943114890186701,52.0,103.0,0.1368577811944499,20.910806174957145,-18.159958720330224
sub-020,0.6,0.1368577811944499,0.1315216704695787,0.005336110724871224,62.0,103.0,0.1368577811944499,20.910806174957145,-18.159958720330224
sub-020,0.7,0.1368577811944499,0.1317075170595186,0.005150264134931304,72.0,103.0,0.1368577811944499,20.910806174957145,-18.159958720330224
sub-020,0.8,0.1368577811944499,0.1317948532817983,0.005062927912651616,82.0,103.0,0.1368577811944499,20.910806174957145,-18.159958720330224
sub-020,0.9,0.1368577811944499,0.1320490001220371,0.00480878107241281,93.0,103.0,0.1368577811944499,20.910806174957145,-18.159958720330224
sub-020,1.0,0.1368577811944499,0.1304183178892434,0.006439463305206505,103.0,103.0,0.1368577811944499,20.910806174957145,-18.159958720330224
sub-021,0.0,0.1357978529068248,0.1357978529068248,0.0,0.0,103.0,0.1357978529068248,216.79811912225705,38.10056390977445
sub-021,0.1,0.1357978529068248,0.1352988456904149,0.0004990072164099135,10.0,103.0,0.1357978529068248,216.79811912225705,38.10056390977445
sub-021,0.2,0.1357978529068248,0.1343869564079034,0.001410896498921399,21.0,103.0,0.1357978529068248,216.79811912225705,38.10056390977445
sub-021,0.3,0.1357978529068248,0.1341621415625944,0.001635711344230406,31.0,103.0,0.1357978529068248,216.79811912225705,38.10056390977445
sub-021,0.4,0.1357978529068248,0.134738108697861,0.0010597442089638198,41.0,103.0,0.1357978529068248,216.79811912225705,38.10056390977445
sub-021,0.5,0.1357978529068248,0.1333663207680783,0.0024315321387465005,52.0,103.0,0.1357978529068248,216.79811912225705,38.10056390977445
sub-021,0.6,0.1357978529068248,0.1350781180492295,0.0007197348575953,62.0,103.0,0.1357978529068248,216.79811912225705,38.10056390977445
sub-021,0.7,0.1357978529068248,0.1352479613097723,0.0005498915970525153,72.0,103.0,0.1357978529068248,216.79811912225705,38.10056390977445
sub-021,0.8,0.1357978529068248,0.1346225754097654,0.001175277497059396,82.0,103.0,0.1357978529068248,216.79811912225705,38.10056390977445
sub-021,0.9,0.1357978529068248,0.1351772355475629,0.0006206173592619157,93.0,103.0,0.1357978529068248,216.79811912225705,38.10056390977445
sub-021,1.0,0.1357978529068248,0.1349708144836782,0.0008270384231466033,103.0,103.0,0.1357978529068248,216.79811912225705,38.10056390977445
sub-022,0.0,0.1167072137547542,0.1167072137547542,0.0,0.0,103.0,0.1167072137547542,108.31694915254238,72.30084745762713
sub-022,0.1,0.1167072137547542,0.1164467451834821,0.0002604685712720989,10.0,103.0,0.1167072137547542,108.31694915254238,72.30084745762713
sub-022,0.2,0.1167072137547542,0.1140549536482862,0.0026522601064679907,21.0,103.0,0.1167072137547542,108.31694915254238,72.30084745762713
sub-022,0.3,0.1167072137547542,0.1140064907421978,0.0027007230125563886,31.0,103.0,0.1167072137547542,108.31694915254238,72.30084745762713
sub-022,0.4,0.1167072137547542,0.1138326316688553,0.0028745820858988996,41.0,103.0,0.1167072137547542,108.31694915254238,72.30084745762713
sub-022,0.5,0.1167072137547542,0.1127431193240342,0.003964094430719989,52.0,103.0,0.1167072137547542,108.31694915254238,72.30084745762713
sub-022,0.6,0.1167072137547542,0.1121765691052788,0.0045306446494753905,62.0,103.0,0.1167072137547542,108.31694915254238,72.30084745762713
sub-022,0.7,0.1167072137547542,0.1112615624916012,0.005445651263152995,72.0,103.0,0.1167072137547542,108.31694915254238,72.30084745762713
sub-022,0.8,0.1167072137547542,0.1086908274013582,0.008016386353395993,82.0,103.0,0.1167072137547542,108.31694915254238,72.30084745762713
sub-022,0.9,0.1167072137547542,0.1073918547011899,0.009315359053564287,93.0,103.0,0.1167072137547542,108.31694915254238,72.30084745762713
sub-022,1.0,0.1167072137547542,0.1055857724803432,0.01112144127441099,103.0,103.0,0.1167072137547542,108.31694915254238,72.30084745762713
sub-023,0.0,0.1289094711721598,0.1289094711721598,0.0,0.0,103.0,0.1289094711721598,-59.94642857142856,147.2058823529412
sub-023,0.1,0.1289094711721598,0.128041335070824,0.0008681361013358202,10.0,103.0,0.1289094711721598,-59.94642857142856,147.2058823529412
sub-023,0.2,0.1289094711721598,0.1270279221638205,0.0018815490083393116,21.0,103.0,0.1289094711721598,-59.94642857142856,147.2058823529412
sub-023,0.3,0.1289094711721598,0.126610337687445,0.002299133484714805,31.0,103.0,0.1289094711721598,-59.94642857142856,147.2058823529412
sub-023,0.4,0.1289094711721598,0.1279881957411597,0.0009212754310001237,41.0,103.0,0.1289094711721598,-59.94642857142856,147.2058823529412
sub-023,0.5,0.1289094711721598,0.1266987278743541,0.0022107432978057118,52.0,103.0,0.1289094711721598,-59.94642857142856,147.2058823529412
sub-023,0.6,0.1289094711721598,0.1247924907667276,0.004116980405432208,62.0,103.0,0.1289094711721598,-59.94642857142856,147.2058823529412
sub-023,0.7,0.1289094711721598,0.1270918908550376,0.0018175803171222027,72.0,103.0,0.1289094711721598,-59.94642857142856,147.2058823529412
sub-023,0.8,0.1289094711721598,0.1282149158945089,0.0006945552776509156,82.0,103.0,0.1289094711721598,-59.94642857142856,147.2058823529412
sub-023,0.9,0.1289094711721598,0.1278847678182212,0.0010247033539386163,93.0,103.0,0.1289094711721598,-59.94642857142856,147.2058823529412
sub-023,1.0,0.1289094711721598,0.1287886486429891,0.00012082252917069991,103.0,103.0,0.1289094711721598,-59.94642857142856,147.2058823529412
sub-024,0.0,0.1323668199760896,0.1323668199760896,0.0,0.0,103.0,0.1323668199760896,65.97171945701353,87.62879205736346
sub-024,0.1,0.1323668199760896,0.1321361417556437,0.0002306782204458957,10.0,103.0,0.1323668199760896,65.97171945701353,87.62879205736346
sub-024,0.2,0.1323668199760896,0.1318092771508296,0.0005575428252599934,21.0,103.0,0.1323668199760896,65.97171945701353,87.62879205736346
sub-024,0.3,0.1323668199760896,0.1325300546944737,-0.0001632347183841143,31.0,103.0,0.1323668199760896,65.97171945701353,87.62879205736346
sub-024,0.4,0.1323668199760896,0.1326122484684627,-0.0002454284923731065,41.0,103.0,0.1323668199760896,65.97171945701353,87.62879205736346
sub-024,0.5,0.1323668199760896,0.1336624842013269,-0.001295664225237303,52.0,103.0,0.1323668199760896,65.97171945701353,87.62879205736346
sub-024,0.6,0.1323668199760896,0.1323457125585232,2.1107417566390563e-05,62.0,103.0,0.1323668199760896,65.97171945701353,87.62879205736346
sub-024,0.7,0.1323668199760896,0.1311844988599551,0.0011823211161345049,72.0,103.0,0.1323668199760896,65.97171945701353,87.62879205736346
sub-024,0.8,0.1323668199760896,0.1323376180411144,2.9201934975187083e-05,82.0,103.0,0.1323668199760896,65.97171945701353,87.62879205736346
sub-024,0.9,0.1323668199760896,0.1329625645077905,-0.0005957445317009147,93.0,103.0,0.1323668199760896,65.97171945701353,87.62879205736346
sub-024,1.0,0.1323668199760896,0.1326450630092587,-0.0002782430331691177,103.0,103.0,0.1323668199760896,65.97171945701353,87.62879205736346
sub-025,0.0,0.1350828860590367,0.1350828860590367,0.0,0.0,103.0,0.1350828860590367,243.3021778584392,63.52935835351087
sub-025,0.1,0.1350828860590367,0.1336458901335944,0.0014369959254423026,10.0,103.0,0.1350828860590367,243.3021778584392,63.52935835351087
sub-025,0.2,0.1350828860590367,0.1336556044659626,0.0014272815930740923,21.0,103.0,0.1350828860590367,243.3021778584392,63.52935835351087
sub-025,0.3,0.1350828860590367,0.1340687109248918,0.0010141751341448957,31.0,103.0,0.1350828860590367,243.3021778584392,63.52935835351087
sub-025,0.4,0.1350828860590367,0.1342731359498084,0.0008097501092283188,41.0,103.0,0.1350828860590367,243.3021778584392,63.52935835351087
sub-025,0.5,0.1350828860590367,0.1345630751865266,0.0005198108725101014,52.0,103.0,0.1350828860590367,243.3021778584392,63.52935835351087
sub-025,0.6,0.1350828860590367,0.1345891386343403,0.0004937474246964058,62.0,103.0,0.1350828860590367,243.3021778584392,63.52935835351087
sub-025,0.7,0.1350828860590367,0.1363520875890674,-0.0012692015300306836,72.0,103.0,0.1350828860590367,243.3021778584392,63.52935835351087
sub-025,0.8,0.1350828860590367,0.1363753059662214,-0.0012924199071847053,82.0,103.0,0.1350828860590367,243.3021778584392,63.52935835351087
sub-025,0.9,0.1350828860590367,0.1373414903287321,-0.0022586042696954023,93.0,103.0,0.1350828860590367,243.3021778584392,63.52935835351087
sub-025,1.0,0.1350828860590367,0.1377162531139606,-0.0026333670549238963,103.0,103.0,0.1350828860590367,243.3021778584392,63.52935835351087
sub-026,0.0,0.1271796244953746,0.1271796244953746,0.0,0.0,103.0,0.1271796244953746,-25.88711776187378,108.65681818181818
sub-026,0.1,0.1271796244953746,0.1269533196467878,0.00022630484858679467,10.0,103.0,0.1271796244953746,-25.88711776187378,108.65681818181818
sub-026,0.2,0.1271796244953746,0.1273154668765587,-0.00013584238118410918,21.0,103.0,0.1271796244953746,-25.88711776187378,108.65681818181818
sub-026,0.3,0.1271796244953746,0.1270442031308165,0.0001354213645581026,31.0,103.0,0.1271796244953746,-25.88711776187378,108.65681818181818
sub-026,0.4,0.1271796244953746,0.1266801302476144,0.0004994942477601905,41.0,103.0,0.1271796244953746,-25.88711776187378,108.65681818181818
sub-026,0.5,0.1271796244953746,0.1264648626712682,0.0007147618241064024,52.0,103.0,0.1271796244953746,-25.88711776187378,108.65681818181818
sub-026,0.6,0.1271796244953746,0.1260747048090122,0.0011049196863623933,62.0,103.0,0.1271796244953746,-25.88711776187378,108.65681818181818
sub-026,0.7,0.1271796244953746,0.1257453101742347,0.0014343143211398846,72.0,103.0,0.1271796244953746,-25.88711776187378,108.65681818181818
sub-026,0.8,0.1271796244953746,0.1250377042940935,0.0021419202012810945,82.0,103.0,0.1271796244953746,-25.88711776187378,108.65681818181818
sub-026,0.9,0.1271796244953746,0.1247180278853337,0.0024615966100408893,93.0,103.0,0.1271796244953746,-25.88711776187378,108.65681818181818
sub-026,1.0,0.1271796244953746,0.1232081513801218,0.0039714731152527966,103.0,103.0,0.1271796244953746,-25.88711776187378,108.65681818181818
sub-027,0.0,0.1359453174358089,0.1359453174358089,0.0,0.0,103.0,0.1359453174358089,261.0182555780933,24.50841750841749
sub-027,0.1,0.1359453174358089,0.1362694131005969,-0.0003240956647879989,10.0,103.0,0.1359453174358089,261.0182555780933,24.50841750841749
sub-027,0.2,0.1359453174358089,0.1344806635978293,0.0014646538379796126,21.0,103.0,0.1359453174358089,261.0182555780933,24.50841750841749
sub-027,0.3,0.1359453174358089,0.1340573104873241,0.0018880069484847883,31.0,103.0,0.1359453174358089,261.0182555780933,24.50841750841749
sub-027,0.4,0.1359453174358089,0.1348396137567501,0.0011057036790587949,41.0,103.0,0.1359453174358089,261.0182555780933,24.50841750841749
sub-027,0.5,0.1359453174358089,0.1340705625784615,0.0018747548573473938,52.0,103.0,0.1359453174358089,261.0182555780933,24.50841750841749
sub-027,0.6,0.1359453174358089,0.1333593566236287,0.0025859608121802102,62.0,103.0,0.1359453174358089,261.0182555780933,24.50841750841749
sub-027,0.7,0.1359453174358089,0.1331615245192707,0.002783792916538186,72.0,103.0,0.1359453174358089,261.0182555780933,24.50841750841749
sub-027,0.8,0.1359453174358089,0.1331704559671484,0.002774861468660489,82.0,103.0,0.1359453174358089,261.0182555780933,24.50841750841749
sub-027,0.9,0.1359453174358089,0.1328001193962441,0.0031451980395648116,93.0,103.0,0.1359453174358089,261.0182555780933,24.50841750841749
sub-027,1.0,0.1359453174358089,0.1326164154799218,0.003328901955887087,103.0,103.0,0.1359453174358089,261.0182555780933,24.50841750841749
sub-028,0.0,0.1182047121035243,0.1182047121035243,0.0,0.0,103.0,0.1182047121035243,-159.14471243042675,213.0829346092504
sub-028,0.1,0.1182047121035243,0.1169091809831424,0.0012955311203819014,10.0,103.0,0.1182047121035243,-159.14471243042675,213.0829346092504
sub-028,0.2,0.1182047121035243,0.1175835520825635,0.0006211600209607981,21.0,103.0,0.1182047121035243,-159.14471243042675,213.0829346092504
sub-028,0.3,0.1182047121035243,0.1176262800766954,0.0005784320268289039,31.0,103.0,0.1182047121035243,-159.14471243042675,213.0829346092504
sub-028,0.4,0.1182047121035243,0.1168003004685479,0.001404411634976399,41.0,103.0,0.1182047121035243,-159.14471243042675,213.0829346092504
sub-028,0.5,0.1182047121035243,0.1166519818021449,0.0015527303013794097,52.0,103.0,0.1182047121035243,-159.14471243042675,213.0829346092504
sub-028,0.6,0.1182047121035243,0.1170582544898638,0.001146457613660501,62.0,103.0,0.1182047121035243,-159.14471243042675,213.0829346092504
sub-028,0.7,0.1182047121035243,0.1178658359655101,0.00033887613801419914,72.0,103.0,0.1182047121035243,-159.14471243042675,213.0829346092504
sub-028,0.8,0.1182047121035243,0.1155845576606558,0.0026201544428685053,82.0,103.0,0.1182047121035243,-159.14471243042675,213.0829346092504
sub-028,0.9,0.1182047121035243,0.1150098793841128,0.0031948327194114973,93.0,103.0,0.1182047121035243,-159.14471243042675,213.0829346092504
sub-028,1.0,0.1182047121035243,0.1157749624121007,0.0024297496914236077,103.0,103.0,0.1182047121035243,-159.14471243042675,213.0829346092504
sub-029,0.0,0.1365428371486148,0.1365428371486148,0.0,0.0,103.0,0.1365428371486148,141.18218390804597,146.8109195402299
sub-029,0.1,0.1365428371486148,0.1360543186583452,0.000488518490269596,10.0,103.0,0.1365428371486148,141.18218390804597,146.8109195402299
sub-029,0.2,0.1365428371486148,0.1360534061618658,0.000489430986749001,21.0,103.0,0.1365428371486148,141.18218390804597,146.8109195402299
sub-029,0.3,0.1365428371486148,0.1367589641326225,-0.00021612698400771957,31.0,103.0,0.1365428371486148,141.18218390804597,146.8109195402299
sub-029,0.4,0.1365428371486148,0.1369314232410314,-0.00038858609241662623,41.0,103.0,0.1365428371486148,141.18218390804597,146.8109195402299
sub-029,0.5,0.1365428371486148,0.1369309049188228,-0.00038806777020800043,52.0,103.0,0.1365428371486148,141.18218390804597,146.8109195402299
sub-029,0.6,0.1365428371486148,0.1370758894078292,-0.000533052259214406,62.0,103.0,0.1365428371486148,141.18218390804597,146.8109195402299
sub-029,0.7,0.1365428371486148,0.1367772034356855,-0.00023436628707071416,72.0,103.0,0.1365428371486148,141.18218390804597,146.8109195402299
sub-029,0.8,0.1365428371486148,0.1368359519347707,-0.00029311478615590136,82.0,103.0,0.1365428371486148,141.18218390804597,146.8109195402299
sub-029,0.9,0.1365428371486148,0.1369025650463202,-0.00035972789770541413,93.0,103.0,0.1365428371486148,141.18218390804597,146.8109195402299
sub-029,1.0,0.1365428371486148,0.135960212811131,0.0005826243374837947,103.0,103.0,0.1365428371486148,141.18218390804597,146.8109195402299
sub-030,0.0,0.1347286289132384,0.1347286289132384,0.0,0.0,103.0,0.1347286289132384,126.17924528301889,69.80225193525683
sub-030,0.1,0.1347286289132384,0.1347169311729417,1.1697740296690018e-05,10.0,103.0,0.1347286289132384,126.17924528301889,69.80225193525683
sub-030,0.2,0.1347286289132384,0.1346301014344728,9.852747876559764e-05,21.0,103.0,0.1347286289132384,126.17924528301889,69.80225193525683
sub-030,0.3,0.1347286289132384,0.134218128770399,0.000510500142839404,31.0,103.0,0.1347286289132384,126.17924528301889,69.80225193525683
sub-030,0.4,0.1347286289132384,0.1342354436836612,0.0004931852295771977,41.0,103.0,0.1347286289132384,126.17924528301889,69.80225193525683
sub-030,0.5,0.1347286289132384,0.1338286100688915,0.0009000188443469004,52.0,103.0,0.1347286289132384,126.17924528301889,69.80225193525683
sub-030,0.6,0.1347286289132384,0.1328282132580122,0.0019004156552261953,62.0,103.0,0.1347286289132384,126.17924528301889,69.80225193525683
sub-030,0.7,0.1347286289132384,0.133174851470174,0.001553777443064397,72.0,103.0,0.1347286289132384,126.17924528301889,69.80225193525683
sub-030,0.8,0.1347286289132384,0.1329148354428915,0.0018137934703468805,82.0,103.0,0.1347286289132384,126.17924528301889,69.80225193525683
sub-030,0.9,0.1347286289132384,0.1328364838533894,0.0018921450598489986,93.0,103.0,0.1347286289132384,126.17924528301889,69.80225193525683
sub-030,1.0,0.1347286289132384,0.1327780802999343,0.0019505486133040983,103.0,103.0,0.1347286289132384,126.17924528301889,69.80225193525683
sub-031,0.0,0.126133512103412,0.126133512103412,0.0,0.0,103.0,0.126133512103412,456.2754208754209,-19.1108490566038
sub-031,0.1,0.126133512103412,0.126695776855431,-0.0005622647520190094,10.0,103.0,0.126133512103412,456.2754208754209,-19.1108490566038
sub-031,0.2,0.126133512103412,0.1246720925001821,0.001461419603229902,21.0,103.0,0.126133512103412,456.2754208754209,-19.1108490566038
sub-031,0.3,0.126133512103412,0.124659898573018,0.0014736135303940051,31.0,103.0,0.126133512103412,456.2754208754209,-19.1108490566038
sub-031,0.4,0.126133512103412,0.1250530473104507,0.001080464792961311,41.0,103.0,0.126133512103412,456.2754208754209,-19.1108490566038
sub-031,0.5,0.126133512103412,0.1266193887516156,-0.0004858766482035981,52.0,103.0,0.126133512103412,456.2754208754209,-19.1108490566038
sub-031,0.6,0.126133512103412,0.1245715868756961,0.0015619252277159074,62.0,103.0,0.126133512103412,456.2754208754209,-19.1108490566038
sub-031,0.7,0.126133512103412,0.1249114462987467,0.001222065804665301,72.0,103.0,0.126133512103412,456.2754208754209,-19.1108490566038
sub-031,0.8,0.126133512103412,0.1219870135786809,0.004146498524731104,82.0,103.0,0.126133512103412,456.2754208754209,-19.1108490566038
sub-031,0.9,0.126133512103412,0.1224680493072406,0.003665462796171401,93.0,103.0,0.126133512103412,456.2754208754209,-19.1108490566038
sub-031,1.0,0.126133512103412,0.1233931567344046,0.002740355369007408,103.0,103.0,0.126133512103412,456.2754208754209,-19.1108490566038
sub-032,0.0,0.1234404220671683,0.1234404220671683,0.0,0.0,103.0,0.1234404220671683,241.33898305084745,54.32931034482755
sub-032,0.1,0.1234404220671683,0.1223756582551233,0.001064763812045011,10.0,103.0,0.1234404220671683,241.33898305084745,54.32931034482755
sub-032,0.2,0.1234404220671683,0.1214244270987482,0.002015994968420101,21.0,103.0,0.1234404220671683,241.33898305084745,54.32931034482755
sub-032,0.3,0.1234404220671683,0.1219675012425672,0.0014729208246011122,31.0,103.0,0.1234404220671683,241.33898305084745,54.32931034482755
sub-032,0.4,0.1234404220671683,0.1235411636141005,-0.00010074154693219539,41.0,103.0,0.1234404220671683,241.33898305084745,54.32931034482755
sub-032,0.5,0.1234404220671683,0.1213282017793414,0.002112220287826913,52.0,103.0,0.1234404220671683,241.33898305084745,54.32931034482755
sub-032,0.6,0.1234404220671683,0.12261436439248,0.0008260576746883103,62.0,103.0,0.1234404220671683,241.33898305084745,54.32931034482755
sub-032,0.7,0.1234404220671683,0.1229829999404001,0.00045742212676820604,72.0,103.0,0.1234404220671683,241.33898305084745,54.32931034482755
sub-032,0.8,0.1234404220671683,0.1216246332825212,0.00181578878464711,82.0,103.0,0.1234404220671683,241.33898305084745,54.32931034482755
sub-032,0.9,0.1234404220671683,0.1231813302550517,0.00025909181211661303,93.0,103.0,0.1234404220671683,241.33898305084745,54.32931034482755
sub-032,1.0,0.1234404220671683,0.1232571020817917,0.000183319985376601,103.0,103.0,0.1234404220671683,241.33898305084745,54.32931034482755
sub-033,0.0,0.1383781483451798,0.1383781483451798,0.0,0.0,103.0,0.1383781483451798,195.88480392156865,54.10049220672684
sub-033,0.1,0.1383781483451798,0.1372275747904532,0.0011505735547266138,10.0,103.0,0.1383781483451798,195.88480392156865,54.10049220672684
sub-033,0.2,0.1383781483451798,0.1378040228635268,0.0005741254816530039,21.0,103.0,0.1383781483451798,195.88480392156865,54.10049220672684
sub-033,0.3,0.1383781483451798,0.1370333607109795,0.0013447876342003173,31.0,103.0,0.1383781483451798,195.88480392156865,54.10049220672684
sub-033,0.4,0.1383781483451798,0.1369811447531199,0.0013970035920599089,41.0,103.0,0.1383781483451798,195.88480392156865,54.10049220672684
sub-033,0.5,0.1383781483451798,0.1378778597056469,0.0005002886395329142,52.0,103.0,0.1383781483451798,195.88480392156865,54.10049220672684
sub-033,0.6,0.1383781483451798,0.137652770992902,0.0007253773522778173,62.0,103.0,0.1383781483451798,195.88480392156865,54.10049220672684
sub-033,0.7,0.1383781483451798,0.1377973263778704,0.0005808219673094084,72.0,103.0,0.1383781483451798,195.88480392156865,54.10049220672684
sub-033,0.8,0.1383781483451798,0.137184276677673,0.0011938716675068128,82.0,103.0,0.1383781483451798,195.88480392156865,54.10049220672684
sub-033,0.9,0.1383781483451798,0.1374645177187925,0.0009136306263873017,93.0,103.0,0.1383781483451798,195.88480392156865,54.10049220672684
sub-033,1.0,0.1383781483451798,0.1369591263181797,0.0014190220270001164,103.0,103.0,0.1383781483451798,195.88480392156865,54.10049220672684
sub-034,0.0,0.1391152443397909,0.1391152443397909,0.0,0.0,103.0,0.1391152443397909,114.50038138825325,-68.31471698113205
sub-034,0.1,0.1391152443397909,0.1382737653843867,0.000841478955404179,10.0,103.0,0.1391152443397909,114.50038138825325,-68.31471698113205
sub-034,0.2,0.1391152443397909,0.1383779314384153,0.0007373129013755753,21.0,103.0,0.1391152443397909,114.50038138825325,-68.31471698113205
sub-034,0.3,0.1391152443397909,0.1378507159890799,0.001264528350710975,31.0,103.0,0.1391152443397909,114.50038138825325,-68.31471698113205
sub-034,0.4,0.1391152443397909,0.1386049408101075,0.000510303529683398,41.0,103.0,0.1391152443397909,114.50038138825325,-68.31471698113205
sub-034,0.5,0.1391152443397909,0.1389309847965554,0.00018425954323547655,52.0,103.0,0.1391152443397909,114.50038138825325,-68.31471698113205
sub-034,0.6,0.1391152443397909,0.1376198011471004,0.0014954431926904876,62.0,103.0,0.1391152443397909,114.50038138825325,-68.31471698113205
sub-034,0.7,0.1391152443397909,0.1366789528096921,0.0024362915300987775,72.0,103.0,0.1391152443397909,114.50038138825325,-68.31471698113205
sub-034,0.8,0.1391152443397909,0.135869398980992,0.0032458453587988767,82.0,103.0,0.1391152443397909,114.50038138825325,-68.31471698113205
sub-034,0.9,0.1391152443397909,0.1346329509617436,0.004482293378047286,93.0,103.0,0.1391152443397909,114.50038138825325,-68.31471698113205
sub-034,1.0,0.1391152443397909,0.1336852923682039,0.005429951971586994,103.0,103.0,0.1391152443397909,114.50038138825325,-68.31471698113205
sub-035,0.0,0.1306927200880167,0.1306927200880167,0.0,0.0,103.0,0.1306927200880167,67.22569027611044,34.0548219287715
sub-035,0.1,0.1306927200880167,0.1292010692157035,0.0014916508723131772,10.0,103.0,0.1306927200880167,67.22569027611044,34.0548219287715
sub-035,0.2,0.1306927200880167,0.1292803483054506,0.0014123717825660909,21.0,103.0,0.1306927200880167,67.22569027611044,34.0548219287715
sub-035,0.3,0.1306927200880167,0.1290178226698562,0.001674897418160487,31.0,103.0,0.1306927200880167,67.22569027611044,34.0548219287715
sub-035,0.4,0.1306927200880167,0.1290056360814023,0.001687084006614381,41.0,103.0,0.1306927200880167,67.22569027611044,34.0548219287715
sub-035,0.5,0.1306927200880167,0.1294337064720223,0.0012590136159943977,52.0,103.0,0.1306927200880167,67.22569027611044,34.0548219287715
sub-035,0.6,0.1306927200880167,0.1294266733490863,0.001266046738930382,62.0,103.0,0.1306927200880167,67.22569027611044,34.0548219287715
sub-035,0.7,0.1306927200880167,0.1297402684283919,0.0009524516596247923,72.0,103.0,0.1306927200880167,67.22569027611044,34.0548219287715
sub-035,0.8,0.1306927200880167,0.1293027055957208,0.0013900144922958935,82.0,103.0,0.1306927200880167,67.22569027611044,34.0548219287715
sub-035,0.9,0.1306927200880167,0.1294461313530204,0.001246588734996279,93.0,103.0,0.1306927200880167,67.22569027611044,34.0548219287715
sub-035,1.0,0.1306927200880167,0.1299250414764721,0.0007676786115445866,103.0,103.0,0.1306927200880167,67.22569027611044,34.0548219287715
sub-036,0.0,0.1353067681824868,0.1353067681824868,0.0,0.0,103.0,0.1353067681824868,141.3221415607985,131.56386198547216
sub-036,0.1,0.1353067681824868,0.1349424884374618,0.00036427974502500904,10.0,103.0,0.1353067681824868,141.3221415607985,131.56386198547216
sub-036,0.2,0.1353067681824868,0.1310917929688745,0.004214975213612304,21.0,103.0,0.1353067681824868,141.3221415607985,131.56386198547216
sub-036,0.3,0.1353067681824868,0.1312749364800368,0.0040318317024500006,31.0,103.0,0.1353067681824868,141.3221415607985,131.56386198547216
sub-036,0.4,0.1353067681824868,0.1319486638541732,0.003358104328313599,41.0,103.0,0.1353067681824868,141.3221415607985,131.56386198547216
sub-036,0.5,0.1353067681824868,0.1314620654237598,0.0038447027587270033,52.0,103.0,0.1353067681824868,141.3221415607985,131.56386198547216
sub-036,0.6,0.1353067681824868,0.1305555396503849,0.0047512285321018866,62.0,103.0,0.1353067681824868,141.3221415607985,131.56386198547216
sub-036,0.7,0.1353067681824868,0.1302340926794515,0.0050726755030353066,72.0,103.0,0.1353067681824868,141.3221415607985,131.56386198547216
sub-036,0.8,0.1353067681824868,0.1293948914401446,0.005911876742342198,82.0,103.0,0.1353067681824868,141.3221415607985,131.56386198547216
sub-036,0.9,0.1353067681824868,0.1290738926338189,0.006232875548667888,93.0,103.0,0.1353067681824868,141.3221415607985,131.56386198547216
sub-036,1.0,0.1353067681824868,0.1294130907813251,0.005893677401161701,103.0,103.0,0.1353067681824868,141.3221415607985,131.56386198547216
sub-037,0.0,0.1366092379546929,0.1366092379546929,0.0,0.0,103.0,0.1366092379546929,341.3202380952381,139.81038647342996
sub-037,0.1,0.1366092379546929,0.1366764761320283,-6.723817733539361e-05,10.0,103.0,0.1366092379546929,341.3202380952381,139.81038647342996
sub-037,0.2,0.1366092379546929,0.1355418710611635,0.0010673668935294034,21.0,103.0,0.1366092379546929,341.3202380952381,139.81038647342996
sub-037,0.3,0.1366092379546929,0.1353234548371553,0.0012857831175376033,31.0,103.0,0.1366092379546929,341.3202380952381,139.81038647342996
sub-037,0.4,0.1366092379546929,0.136066317786904,0.0005429201677888962,41.0,103.0,0.1366092379546929,341.3202380952381,139.81038647342996
sub-037,0.5,0.1366092379546929,0.1356639581133301,0.0009452798413628061,52.0,103.0,0.1366092379546929,341.3202380952381,139.81038647342996
sub-037,0.6,0.1366092379546929,0.1368548065454387,-0.0002455685907457872,62.0,103.0,0.1366092379546929,341.3202380952381,139.81038647342996
sub-037,0.7,0.1366092379546929,0.1366852783016816,-7.604034698868722e-05,72.0,103.0,0.1366092379546929,341.3202380952381,139.81038647342996
sub-037,0.8,0.1366092379546929,0.1356516529947515,0.0009575849599414155,82.0,103.0,0.1366092379546929,341.3202380952381,139.81038647342996
sub-037,0.9,0.1366092379546929,0.1357579346681466,0.0008513032865463122,93.0,103.0,0.1366092379546929,341.3202380952381,139.81038647342996
sub-037,1.0,0.1366092379546929,0.1359287776610157,0.0006804602936772153,103.0,103.0,0.1366092379546929,341.3202380952381,139.81038647342996
sub-038,0.0,0.1395644946724866,0.1395644946724866,0.0,0.0,103.0,0.1395644946724866,101.29561403508772,32.12711864406779
sub-038,0.1,0.1395644946724866,0.1381199673606556,0.0014445273118310065,10.0,103.0,0.1395644946724866,101.29561403508772,32.12711864406779
sub-038,0.2,0.1395644946724866,0.1370683319408846,0.0024961627316019974,21.0,103.0,0.1395644946724866,101.29561403508772,32.12711864406779
sub-038,0.3,0.1395644946724866,0.1338321291505227,0.005732365521963906,31.0,103.0,0.1395644946724866,101.29561403508772,32.12711864406779
sub-038,0.4,0.1395644946724866,0.1322575988721821,0.007306895800304497,41.0,103.0,0.1395644946724866,101.29561403508772,32.12711864406779
sub-038,0.5,0.1395644946724866,0.1305612683090224,0.009003226363464206,52.0,103.0,0.1395644946724866,101.29561403508772,32.12711864406779
sub-038,0.6,0.1395644946724866,0.1323230826995062,0.007241411972980394,62.0,103.0,0.1395644946724866,101.29561403508772,32.12711864406779
sub-038,0.7,0.1395644946724866,0.1318683188302074,0.007696175842279218,72.0,103.0,0.1395644946724866,101.29561403508772,32.12711864406779
sub-038,0.8,0.1395644946724866,0.1308774149214668,0.008687079751019816,82.0,103.0,0.1395644946724866,101.29561403508772,32.12711864406779
sub-038,0.9,0.1395644946724866,0.1295312984494451,0.010033196223041496,93.0,103.0,0.1395644946724866,101.29561403508772,32.12711864406779
sub-038,1.0,0.1395644946724866,0.129868805569738,0.009695689102748595,103.0,103.0,0.1395644946724866,101.29561403508772,32.12711864406779
sub-039,0.0,0.1442555713647799,0.1442555713647799,0.0,0.0,103.0,0.1442555713647799,-33.01711229946525,23.289483065953647
sub-039,0.1,0.1442555713647799,0.1442667632801805,-1.1191915400610153e-05,10.0,103.0,0.1442555713647799,-33.01711229946525,23.289483065953647
sub-039,0.2,0.1442555713647799,0.144323452240566,-6.788087578610269e-05,21.0,103.0,0.1442555713647799,-33.01711229946525,23.289483065953647
sub-039,0.3,0.1442555713647799,0.1435118990457354,0.000743672319044486,31.0,103.0,0.1442555713647799,-33.01711229946525,23.289483065953647
sub-039,0.4,0.1442555713647799,0.1428458492166624,0.0014097221481174926,41.0,103.0,0.1442555713647799,-33.01711229946525,23.289483065953647
sub-039,0.5,0.1442555713647799,0.1429299749330582,0.0013255964317216984,52.0,103.0,0.1442555713647799,-33.01711229946525,23.289483065953647
sub-039,0.6,0.1442555713647799,0.1438591487354341,0.0003964226293458051,62.0,103.0,0.1442555713647799,-33.01711229946525,23.289483065953647
sub-039,0.7,0.1442555713647799,0.142963207903102,0.001292363461677909,72.0,103.0,0.1442555713647799,-33.01711229946525,23.289483065953647
sub-039,0.8,0.1442555713647799,0.1433669186339275,0.0008886527308523962,82.0,103.0,0.1442555713647799,-33.01711229946525,23.289483065953647
sub-039,0.9,0.1442555713647799,0.1434239841067004,0.000831587258079497,93.0,103.0,0.1442555713647799,-33.01711229946525,23.289483065953647
sub-039,1.0,0.1442555713647799,0.1436182331756136,0.0006373381891663088,103.0,103.0,0.1442555713647799,-33.01711229946525,23.289483065953647
sub-040,0.0,0.124471085076008,0.124471085076008,0.0,0.0,103.0,0.124471085076008,132.6602870813397,88.28899521531102
sub-040,0.1,0.124471085076008,0.1243751381943672,9.594688164080156e-05,10.0,103.0,0.124471085076008,132.6602870813397,88.28899521531102
sub-040,0.2,0.124471085076008,0.122503242542847,0.001967842533160999,21.0,103.0,0.124471085076008,132.6602870813397,88.28899521531102
sub-040,0.3,0.124471085076008,0.1225855548303055,0.0018855302457024964,31.0,103.0,0.124471085076008,132.6602870813397,88.28899521531102
sub-040,0.4,0.124471085076008,0.1231102455325855,0.001360839543422504,41.0,103.0,0.124471085076008,132.6602870813397,88.28899521531102
sub-040,0.5,0.124471085076008,0.1205288190611028,0.003942266014905202,52.0,103.0,0.124471085076008,132.6602870813397,88.28899521531102
sub-040,0.6,0.124471085076008,0.1223456561038546,0.002125428972153398,62.0,103.0,0.124471085076008,132.6602870813397,88.28899521531102
sub-040,0.7,0.124471085076008,0.1227129384175112,0.0017581466584968009,72.0,103.0,0.124471085076008,132.6602870813397,88.28899521531102
sub-040,0.8,0.124471085076008,0.1215600822499375,0.0029110028260704995,82.0,103.0,0.124471085076008,132.6602870813397,88.28899521531102
sub-040,0.9,0.124471085076008,0.1224751320408733,0.0019959530351346955,93.0,103.0,0.124471085076008,132.6602870813397,88.28899521531102
sub-040,1.0,0.124471085076008,0.1217087161191055,0.002762368956902503,103.0,103.0,0.124471085076008,132.6602870813397,88.28899521531102
sub-041,0.0,0.1430436374058868,0.1430436374058868,0.0,0.0,103.0,0.1430436374058868,-28.6000716075904,114.19251336898392
sub-041,0.1,0.1430436374058868,0.1422729081616472,0.0007707292442395985,10.0,103.0,0.1430436374058868,-28.6000716075904,114.19251336898392
sub-041,0.2,0.1430436374058868,0.1403155061835901,0.0027281312222967036,21.0,103.0,0.1430436374058868,-28.6000716075904,114.19251336898392
sub-041,0.3,0.1430436374058868,0.1406337195624163,0.0024099178434704993,31.0,103.0,0.1430436374058868,-28.6000716075904,114.19251336898392
sub-041,0.4,0.1430436374058868,0.1421202450853391,0.0009233923205476946,41.0,103.0,0.1430436374058868,-28.6000716075904,114.19251336898392
sub-041,0.5,0.1430436374058868,0.1438272270267176,-0.0007835896208308046,52.0,103.0,0.1430436374058868,-28.6000716075904,114.19251336898392
sub-041,0.6,0.1430436374058868,0.1435102950074615,-0.0004666576015747159,62.0,103.0,0.1430436374058868,-28.6000716075904,114.19251336898392
sub-041,0.7,0.1430436374058868,0.143885374352958,-0.0008417369470712088,72.0,103.0,0.1430436374058868,-28.6000716075904,114.19251336898392
sub-041,0.8,0.1430436374058868,0.1436914160246199,-0.000647778618733108,82.0,103.0,0.1430436374058868,-28.6000716075904,114.19251336898392
sub-041,0.9,0.1430436374058868,0.1462924107424367,-0.0032487733365499094,93.0,103.0,0.1430436374058868,-28.6000716075904,114.19251336898392
sub-041,1.0,0.1430436374058868,0.1471942249203341,-0.0041505875144473015,103.0,103.0,0.1430436374058868,-28.6000716075904,114.19251336898392
sub-042,0.0,0.1245539317711566,0.1245539317711566,0.0,0.0,103.0,0.1245539317711566,166.20199778024417,19.76322604513507
sub-042,0.1,0.1245539317711566,0.1267289987517153,-0.002175066980558707,10.0,103.0,0.1245539317711566,166.20199778024417,19.76322604513507
sub-042,0.2,0.1245539317711566,0.1231049553793232,0.0014489763918334037,21.0,103.0,0.1245539317711566,166.20199778024417,19.76322604513507
sub-042,0.3,0.1245539317711566,0.1251505051836528,-0.0005965734124962069,31.0,103.0,0.1245539317711566,166.20199778024417,19.76322604513507
sub-042,0.4,0.1245539317711566,0.1247445227698215,-0.00019059099866489126,41.0,103.0,0.1245539317711566,166.20199778024417,19.76322604513507
sub-042,0.5,0.1245539317711566,0.123937658654826,0.0006162731163305984,52.0,103.0,0.1245539317711566,166.20199778024417,19.76322604513507
sub-042,0.6,0.1245539317711566,0.1236516394626147,0.0009022923085418993,62.0,103.0,0.1245539317711566,166.20199778024417,19.76322604513507
sub-042,0.7,0.1245539317711566,0.1251815094440279,-0.0006275776728712906,72.0,103.0,0.1245539317711566,166.20199778024417,19.76322604513507
sub-042,0.8,0.1245539317711566,0.1238727491305663,0.0006811826405903054,82.0,103.0,0.1245539317711566,166.20199778024417,19.76322604513507
sub-042,0.9,0.1245539317711566,0.1246565606975719,-0.00010262892641529908,93.0,103.0,0.1245539317711566,166.20199778024417,19.76322604513507
sub-042,1.0,0.1245539317711566,0.1268976115346536,-0.002343679763496989,103.0,103.0,0.1245539317711566,166.20199778024417,19.76322604513507
sub-043,0.0,0.1286191978387461,0.1286191978387461,0.0,0.0,103.0,0.1286191978387461,421.41379310344826,112.8378136200717
sub-043,0.1,0.1286191978387461,0.1294409318616145,-0.00082173402286842,10.0,103.0,0.1286191978387461,421.41379310344826,112.8378136200717
sub-043,0.2,0.1286191978387461,0.127483798412047,0.0011353994266991019,21.0,103.0,0.1286191978387461,421.41379310344826,112.8378136200717
sub-043,0.3,0.1286191978387461,0.1264752339019182,0.0021439639368278918,31.0,103.0,0.1286191978387461,421.41379310344826,112.8378136200717
sub-043,0.4,0.1286191978387461,0.1279735402788517,0.0006456575598944025,41.0,103.0,0.1286191978387461,421.41379310344826,112.8378136200717
sub-043,0.5,0.1286191978387461,0.1266490101441798,0.0019701876945662777,52.0,103.0,0.1286191978387461,421.41379310344826,112.8378136200717
sub-043,0.6,0.1286191978387461,0.1266348003631931,0.0019843974755529847,62.0,103.0,0.1286191978387461,421.41379310344826,112.8378136200717
sub-043,0.7,0.1286191978387461,0.1291454868770036,-0.0005262890382575214,72.0,103.0,0.1286191978387461,421.41379310344826,112.8378136200717
sub-043,0.8,0.1286191978387461,0.1284907525361873,0.0001284453025587884,82.0,103.0,0.1286191978387461,421.41379310344826,112.8378136200717
sub-043,0.9,0.1286191978387461,0.1289247788212641,-0.00030558098251801113,93.0,103.0,0.1286191978387461,421.41379310344826,112.8378136200717
sub-043,1.0,0.1286191978387461,0.1290312125589727,-0.00041201472022661667,103.0,103.0,0.1286191978387461,421.41379310344826,112.8378136200717
