model,lesion_lambda,x_col,n,b1,b2,b3,t_b3,df,p_b3,ci_lo,ci_hi,r2
Model B (SN deltaQ),0.1,deltaQ_SN_auc,43,0.26039064954352753,-0.1309921760820308,-0.0363404520217849,-0.3600802694518326,39.0,0.7207298709630796,-0.24047688650734228,0.16779598246377248,0.11365484830944184
Model B (SN deltaQ),0.2,deltaQ_SN_auc,43,0.10265367900986537,-0.20068389728751046,-0.06460494950525701,-0.4982840752582091,39.0,0.6210823784502553,-0.3268566473665644,0.19764674835605034,0.05216188086666218
Model B (SN deltaQ),0.30000000000000004,deltaQ_SN_auc,43,0.01862897326595679,-0.20363930287255846,-0.022950223962008656,-0.13941970076738897,39.0,0.8898360065782273,-0.35591041083126046,0.3100099629072432,0.041004075134815854
Model B (SN deltaQ),0.4,deltaQ_SN_auc,43,-0.27751401968761913,-0.196958441876198,0.23726162442760296,1.642006184332855,39.0,0.1086292919534061,-0.05500702716573452,0.5295302760209404,0.11087403470604718
Model B (SN deltaQ),0.5,deltaQ_SN_auc,43,-0.28631965947277044,-0.16905628621032115,0.312062258253226,2.1856917362914072,39.0,0.03490725851946548,0.023272450534974398,0.6008520659714776,0.172807380336648
Model B (SN deltaQ),0.6000000000000001,deltaQ_SN_auc,43,-0.32131126244705277,-0.1752502129213143,0.3104757678142458,1.8889693041666753,39.0,0.06634851127438009,-0.02197882266749801,0.6429303582959895,0.18359347647900615
Model B (SN deltaQ),0.7000000000000001,deltaQ_SN_auc,43,-0.3074885240997638,-0.16237667704577335,0.31686146386497016,2.0549750913891622,39.0,0.046623251718538955,0.004977972646604767,0.6287449550833355,0.1893805972425897
Model B (SN deltaQ),0.8,deltaQ_SN_auc,43,-0.2440411263260922,-0.1496121938053997,0.3413479864087786,2.32860181819292,39.0,0.025155768527161046,0.04484324812008489,0.6378527246974723,0.1916198894720219
Model B (SN deltaQ),0.9,deltaQ_SN_auc,43,-0.242472200784001,-0.1192284985123217,0.33707942333856916,2.3977545123241812,39.0,0.0213810140472565,0.05272692377544058,0.6214319229016978,0.19627415497343748
Model B (SN deltaQ),1.0,deltaQ_SN_auc,43,-0.18871055052140007,-0.08703022375179788,0.3331442111534126,2.4227708297924817,39.0,0.02014694099256665,0.05501317099203901,0.6112752513147861,0.1871785021197273
