subject,lesion_lambda,Q_intact_auc,Q_lesion_SN_auc,deltaQ_SN_auc,k_lesioned,k_roi_pool,global_modularity_auc,rt_transition_diff__flexibility_stability,rt_duration_diff__long-short,Q_intact_auc_aligned
sub-001,0.0,0.1293925778012633,0.1291779990624378,0.00021457873882549383,0.0,103.0,0.1293925778012633,282.9472027972028,90.89705882352942,0.1293925778012633
sub-001,0.1,0.1293925778012633,0.131063546959107,-0.0016709691578437047,10.0,103.0,0.1293925778012633,282.9472027972028,90.89705882352942,0.1293925778012633
sub-001,0.2,0.1293925778012633,0.1339688691581305,-0.0045762913568672126,21.0,103.0,0.1293925778012633,282.9472027972028,90.89705882352942,0.1293925778012633
sub-001,0.3,0.1293925778012633,0.1329465747600349,-0.0035539969587716214,31.0,103.0,0.1293925778012633,282.9472027972028,90.89705882352942,0.1293925778012633
sub-001,0.4,0.1293925778012633,0.1308924382372434,-0.0014998604359801049,41.0,103.0,0.1293925778012633,282.9472027972028,90.89705882352942,0.1293925778012633
sub-001,0.5,0.1293925778012633,0.1289306926022523,0.00046188519901099734,52.0,103.0,0.1293925778012633,282.9472027972028,90.89705882352942,0.1293925778012633
sub-001,0.6,0.1293925778012633,0.1300374360571447,-0.0006448582558814253,62.0,103.0,0.1293925778012633,282.9472027972028,90.89705882352942,0.1293925778012633
sub-001,0.7,0.1293925778012633,0.1306113661597431,-0.0012187883584797998,72.0,103.0,0.1293925778012633,282.9472027972028,90.89705882352942,0.1293925778012633
sub-001,0.8,0.1293925778012633,0.1291221028133988,0.00027047498786447743,82.0,103.0,0.1293925778012633,282.9472027972028,90.89705882352942,0.1293925778012633
sub-001,0.9,0.1293925778012633,0.128979500505467,0.00041307729579628805,93.0,103.0,0.1293925778012633,282.9472027972028,90.89705882352942,0.1293925778012633
sub-001,1.0,0.1293925778012633,0.1293157460002928,7.683180097048381e-05,103.0,103.0,0.1293925778012633,282.9472027972028,90.89705882352942,0.1293925778012633
sub-002,0.0,0.1260736365592106,0.1265191492120947,-0.00044551265288408914,0.0,103.0,0.1260736365592106,135.92857142857142,178.75406698564595,0.1260736365592106
sub-002,0.1,0.1260736365592106,0.1268918047245722,-0.0008181681653615935,10.0,103.0,0.1260736365592106,135.92857142857142,178.75406698564595,0.1260736365592106
sub-002,0.2,0.1260736365592106,0.1260419092448781,3.1727314332513634e-05,21.0,103.0,0.1260736365592106,135.92857142857142,178.75406698564595,0.1260736365592106
sub-002,0.3,0.1260736365592106,0.1253989698881078,0.0006746666711028027,31.0,103.0,0.1260736365592106,135.92857142857142,178.75406698564595,0.1260736365592106
sub-002,0.4,0.1260736365592106,0.1248113387361842,0.0012622978230264065,41.0,103.0,0.1260736365592106,135.92857142857142,178.75406698564595,0.1260736365592106
sub-002,0.5,0.1260736365592106,0.1239018065824324,0.002171829976778214,52.0,103.0,0.1260736365592106,135.92857142857142,178.75406698564595,0.1260736365592106
sub-002,0.6,0.1260736365592106,0.1239269914739629,0.0021466450852477142,62.0,103.0,0.1260736365592106,135.92857142857142,178.75406698564595,0.1260736365592106
sub-002,0.7,0.1260736365592106,0.1238921104622748,0.0021815260969358097,72.0,103.0,0.1260736365592106,135.92857142857142,178.75406698564595,0.1260736365592106
sub-002,0.8,0.1260736365592106,0.124217597575874,0.0018560389833366109,82.0,103.0,0.1260736365592106,135.92857142857142,178.75406698564595,0.1260736365592106
sub-002,0.9,0.1260736365592106,0.1249058690721549,0.0011677674870557153,93.0,103.0,0.1260736365592106,135.92857142857142,178.75406698564595,0.1260736365592106
sub-002,1.0,0.1260736365592106,0.12486122679802,0.0012124097611906082,103.0,103.0,0.1260736365592106,135.92857142857142,178.75406698564595,0.1260736365592106
sub-003,0.0,0.1322010759052373,0.1322117357060166,-1.0659800779300177e-05,0.0,103.0,0.1322010759052373,293.2229064039409,146.1052631578947,0.1322010759052373
sub-003,0.1,0.1322010759052373,0.1320208645433654,0.000180211361871907,10.0,103.0,0.1322010759052373,293.2229064039409,146.1052631578947,0.1322010759052373
sub-003,0.2,0.1322010759052373,0.1320796194304223,0.00012145647481501265,21.0,103.0,0.1322010759052373,293.2229064039409,146.1052631578947,0.1322010759052373
sub-003,0.3,0.1322010759052373,0.1314115512437711,0.000789524661466201,31.0,103.0,0.1322010759052373,293.2229064039409,146.1052631578947,0.1322010759052373
sub-003,0.4,0.1322010759052373,0.1307165413152819,0.0014845345899553997,41.0,103.0,0.1322010759052373,293.2229064039409,146.1052631578947,0.1322010759052373
sub-003,0.5,0.1322010759052373,0.1290375447054203,0.0031635311998169935,52.0,103.0,0.1322010759052373,293.2229064039409,146.1052631578947,0.1322010759052373
sub-003,0.6,0.1322010759052373,0.1279900375458809,0.004211038359356406,62.0,103.0,0.1322010759052373,293.2229064039409,146.1052631578947,0.1322010759052373
sub-003,0.7,0.1322010759052373,0.1275772192529626,0.004623856652274716,72.0,103.0,0.1322010759052373,293.2229064039409,146.1052631578947,0.1322010759052373
sub-003,0.8,0.1322010759052373,0.1257753619713446,0.006425713933892713,82.0,103.0,0.1322010759052373,293.2229064039409,146.1052631578947,0.1322010759052373
sub-003,0.9,0.1322010759052373,0.1258170137101015,0.006384062195135792,93.0,103.0,0.1322010759052373,293.2229064039409,146.1052631578947,0.1322010759052373
sub-003,1.0,0.1322010759052373,0.1247000590786749,0.007501016826562401,103.0,103.0,0.1322010759052373,293.2229064039409,146.1052631578947,0.1322010759052373
sub-004,0.0,0.1355070254551419,0.1355052689290801,1.7565260617968814e-06,0.0,103.0,0.1355070254551419,160.02969951083156,-4.442307692307679,0.1355070254551419
sub-004,0.1,0.1355070254551419,0.1348513190071464,0.0006557064479955077,10.0,103.0,0.1355070254551419,160.02969951083156,-4.442307692307679,0.1355070254551419
sub-004,0.2,0.1355070254551419,0.134530066600166,0.0009769588549758956,21.0,103.0,0.1355070254551419,160.02969951083156,-4.442307692307679,0.1355070254551419
sub-004,0.3,0.1355070254551419,0.1351077314524252,0.00039929400271671023,31.0,103.0,0.1355070254551419,160.02969951083156,-4.442307692307679,0.1355070254551419
sub-004,0.4,0.1355070254551419,0.1352866675446828,0.00022035791045910136,41.0,103.0,0.1355070254551419,160.02969951083156,-4.442307692307679,0.1355070254551419
sub-004,0.5,0.1355070254551419,0.1357153838264089,-0.00020835837126700896,52.0,103.0,0.1355070254551419,160.02969951083156,-4.442307692307679,0.1355070254551419
sub-004,0.6,0.1355070254551419,0.136481292430713,-0.0009742669755710975,62.0,103.0,0.1355070254551419,160.02969951083156,-4.442307692307679,0.1355070254551419
sub-004,0.7,0.1355070254551419,0.1368092329151683,-0.0013022074600264055,72.0,103.0,0.1355070254551419,160.02969951083156,-4.442307692307679,0.1355070254551419
sub-004,0.8,0.1355070254551419,0.1364980488455826,-0.0009910233904406873,82.0,103.0,0.1355070254551419,160.02969951083156,-4.442307692307679,0.1355070254551419
sub-004,0.9,0.1355070254551419,0.1364978285826209,-0.0009908031274790119,93.0,103.0,0.1355070254551419,160.02969951083156,-4.442307692307679,0.1355070254551419
sub-004,1.0,0.1355070254551419,0.1364038006920557,-0.0008967752369138104,103.0,103.0,0.1355070254551419,160.02969951083156,-4.442307692307679,0.1355070254551419
sub-005,0.0,0.1295980917217657,0.1300059178112354,-0.00040782608946970944,0.0,103.0,0.1295980917217657,260.5671451355662,13.234449760765555,0.1295980917217657
sub-005,0.1,0.1295980917217657,0.1296528277143048,-5.473599253910666e-05,10.0,103.0,0.1295980917217657,260.5671451355662,13.234449760765555,0.1295980917217657
sub-005,0.2,0.1295980917217657,0.127651605151092,0.0019464865706737,21.0,103.0,0.1295980917217657,260.5671451355662,13.234449760765555,0.1295980917217657
sub-005,0.3,0.1295980917217657,0.1285833108452463,0.0010147808765194055,31.0,103.0,0.1295980917217657,260.5671451355662,13.234449760765555,0.1295980917217657
sub-005,0.4,0.1295980917217657,0.1292523632345115,0.0003457284872541988,41.0,103.0,0.1295980917217657,260.5671451355662,13.234449760765555,0.1295980917217657
sub-005,0.5,0.1295980917217657,0.1287531563865236,0.000844935335242103,52.0,103.0,0.1295980917217657,260.5671451355662,13.234449760765555,0.1295980917217657
sub-005,0.6,0.1295980917217657,0.1304574732264697,-0.0008593815047039932,62.0,103.0,0.1295980917217657,260.5671451355662,13.234449760765555,0.1295980917217657
sub-005,0.7,0.1295980917217657,0.1296208819395256,-2.279021775988821e-05,72.0,103.0,0.1295980917217657,260.5671451355662,13.234449760765555,0.1295980917217657
sub-005,0.8,0.1295980917217657,0.1312366468731349,-0.0016385551513692087,82.0,103.0,0.1295980917217657,260.5671451355662,13.234449760765555,0.1295980917217657
sub-005,0.9,0.1295980917217657,0.131175705402644,-0.0015776136808783037,93.0,103.0,0.1295980917217657,260.5671451355662,13.234449760765555,0.1295980917217657
sub-005,1.0,0.1295980917217657,0.1315458177243052,-0.0019477260025395071,103.0,103.0,0.1295980917217657,260.5671451355662,13.234449760765555,0.1295980917217657
sub-006,0.0,0.1139095451563088,0.1135107089992398,0.00039883615706899633,0.0,103.0,0.1139095451563088,120.62499999999996,102.2637420718816,0.1139095451563088
sub-006,0.1,0.1139095451563088,0.1136457019434214,0.00026384321288740187,10.0,103.0,0.1139095451563088,120.62499999999996,102.2637420718816,0.1139095451563088
sub-006,0.2,0.1139095451563088,0.1151506805889587,-0.0012411354326499063,21.0,103.0,0.1139095451563088,120.62499999999996,102.2637420718816,0.1139095451563088
sub-006,0.3,0.1139095451563088,0.1145096723424307,-0.0006001271861219015,31.0,103.0,0.1139095451563088,120.62499999999996,102.2637420718816,0.1139095451563088
sub-006,0.4,0.1139095451563088,0.1139670835821441,-5.753842583529345e-05,41.0,103.0,0.1139095451563088,120.62499999999996,102.2637420718816,0.1139095451563088
sub-006,0.5,0.1139095451563088,0.1155604063980141,-0.0016508612417052981,52.0,103.0,0.1139095451563088,120.62499999999996,102.2637420718816,0.1139095451563088
sub-006,0.6,0.1139095451563088,0.1167197497429865,-0.002810204586677703,62.0,103.0,0.1139095451563088,120.62499999999996,102.2637420718816,0.1139095451563088
sub-006,0.7,0.1139095451563088,0.1135373973310739,0.00037214782523489753,72.0,103.0,0.1139095451563088,120.62499999999996,102.2637420718816,0.1139095451563088
sub-006,0.8,0.1139095451563088,0.1161992391441481,-0.0022896939878393058,82.0,103.0,0.1139095451563088,120.62499999999996,102.2637420718816,0.1139095451563088
sub-006,0.9,0.1139095451563088,0.1160905181571516,-0.0021809730008428008,93.0,103.0,0.1139095451563088,120.62499999999996,102.2637420718816,0.1139095451563088
sub-006,1.0,0.1139095451563088,0.1138372652285159,7.227992779290648e-05,103.0,103.0,0.1139095451563088,120.62499999999996,102.2637420718816,0.1139095451563088
sub-007,0.0,0.1340428766318349,0.1339184852372606,0.00012439139457429138,0.0,103.0,0.1340428766318349,46.23091133004928,108.60098522167485,0.1340428766318349
sub-007,0.1,0.1340428766318349,0.1335621367498774,0.00048073988195748707,10.0,103.0,0.1340428766318349,46.23091133004928,108.60098522167485,0.1340428766318349
sub-007,0.2,0.1340428766318349,0.1337668092723875,0.00027606735944740723,21.0,103.0,0.1340428766318349,46.23091133004928,108.60098522167485,0.1340428766318349
sub-007,0.3,0.1340428766318349,0.1322979411719559,0.001744935459878999,31.0,103.0,0.1340428766318349,46.23091133004928,108.60098522167485,0.1340428766318349
sub-007,0.4,0.1340428766318349,0.1325311437930711,0.0015117328387637963,41.0,103.0,0.1340428766318349,46.23091133004928,108.60098522167485,0.1340428766318349
sub-007,0.5,0.1340428766318349,0.1328385166063769,0.0012043600254579845,52.0,103.0,0.1340428766318349,46.23091133004928,108.60098522167485,0.1340428766318349
sub-007,0.6,0.1340428766318349,0.1327286016105464,0.0013142750212885024,62.0,103.0,0.1340428766318349,46.23091133004928,108.60098522167485,0.1340428766318349
sub-007,0.7,0.1340428766318349,0.1330215125531461,0.0010213640786888023,72.0,103.0,0.1340428766318349,46.23091133004928,108.60098522167485,0.1340428766318349
sub-007,0.8,0.1340428766318349,0.1331089136850215,0.0009339629468133881,82.0,103.0,0.1340428766318349,46.23091133004928,108.60098522167485,0.1340428766318349
sub-007,0.9,0.1340428766318349,0.1329477512047475,0.0010951254270873956,93.0,103.0,0.1340428766318349,46.23091133004928,108.60098522167485,0.1340428766318349
sub-007,1.0,0.1340428766318349,0.1326499178905936,0.0013929587412412903,103.0,103.0,0.1340428766318349,46.23091133004928,108.60098522167485,0.1340428766318349
sub-008,0.0,0.121690870618569,0.1220462838396447,-0.00035541322107571216,0.0,103.0,0.121690870618569,372.3278890600925,5.298245614035068,0.121690870618569
sub-008,0.1,0.121690870618569,0.1223037269402406,-0.000612856321671601,10.0,103.0,0.121690870618569,372.3278890600925,5.298245614035068,0.121690870618569
sub-008,0.2,0.121690870618569,0.123871062505212,-0.002180191886643007,21.0,103.0,0.121690870618569,372.3278890600925,5.298245614035068,0.121690870618569
sub-008,0.3,0.121690870618569,0.1219750782813247,-0.0002842076627557061,31.0,103.0,0.121690870618569,372.3278890600925,5.298245614035068,0.121690870618569
sub-008,0.4,0.121690870618569,0.120434541654212,0.001256328964356998,41.0,103.0,0.121690870618569,372.3278890600925,5.298245614035068,0.121690870618569
sub-008,0.5,0.121690870618569,0.122238209181138,-0.0005473385625689997,52.0,103.0,0.121690870618569,372.3278890600925,5.298245614035068,0.121690870618569
sub-008,0.6,0.121690870618569,0.1243361512438293,-0.0026452806252603017,62.0,103.0,0.121690870618569,372.3278890600925,5.298245614035068,0.121690870618569
sub-008,0.7,0.121690870618569,0.125277677407064,-0.0035868067884950033,72.0,103.0,0.121690870618569,372.3278890600925,5.298245614035068,0.121690870618569
sub-008,0.8,0.121690870618569,0.1265734622386895,-0.004882591620120516,82.0,103.0,0.121690870618569,372.3278890600925,5.298245614035068,0.121690870618569
sub-008,0.9,0.121690870618569,0.1283358162468483,-0.006644945628279317,93.0,103.0,0.121690870618569,372.3278890600925,5.298245614035068,0.121690870618569
sub-008,1.0,0.121690870618569,0.1301966308350742,-0.008505760216505218,103.0,103.0,0.121690870618569,372.3278890600925,5.298245614035068,0.121690870618569
sub-009,0.0,0.1346065039690614,0.1352648922918649,-0.0006583883228034881,0.0,103.0,0.1346065039690614,196.68165024630545,60.66071428571428,0.1346065039690614
sub-009,0.1,0.1346065039690614,0.133062362922237,0.0015441410468244043,10.0,103.0,0.1346065039690614,196.68165024630545,60.66071428571428,0.1346065039690614
sub-009,0.2,0.1346065039690614,0.1350872965324953,-0.00048079256343389054,21.0,103.0,0.1346065039690614,196.68165024630545,60.66071428571428,0.1346065039690614
sub-009,0.3,0.1346065039690614,0.1333658350272101,0.0012406689418512917,31.0,103.0,0.1346065039690614,196.68165024630545,60.66071428571428,0.1346065039690614
sub-009,0.4,0.1346065039690614,0.1319238831418826,0.0026826208271787944,41.0,103.0,0.1346065039690614,196.68165024630545,60.66071428571428,0.1346065039690614
sub-009,0.5,0.1346065039690614,0.1300047192004426,0.004601784768618805,52.0,103.0,0.1346065039690614,196.68165024630545,60.66071428571428,0.1346065039690614
sub-009,0.6,0.1346065039690614,0.1334871386998601,0.0011193652692013112,62.0,103.0,0.1346065039690614,196.68165024630545,60.66071428571428,0.1346065039690614
sub-009,0.7,0.1346065039690614,0.130416692703067,0.004189811265994409,72.0,103.0,0.1346065039690614,196.68165024630545,60.66071428571428,0.1346065039690614
sub-009,0.8,0.1346065039690614,0.1240271410079448,0.010579362961116598,82.0,103.0,0.1346065039690614,196.68165024630545,60.66071428571428,0.1346065039690614
sub-009,0.9,0.1346065039690614,0.1236180165215222,0.010988487447539205,93.0,103.0,0.1346065039690614,196.68165024630545,60.66071428571428,0.1346065039690614
sub-009,1.0,0.1346065039690614,0.1228125140363558,0.011793989932705598,103.0,103.0,0.1346065039690614,196.68165024630545,60.66071428571428,0.1346065039690614
sub-010,0.0,0.1241261924920391,0.1243001789651758,-0.00017398647313669746,0.0,103.0,0.1241261924920391,156.6625874125874,161.56638714185885,0.1241261924920391
sub-010,0.1,0.1241261924920391,0.125363711625432,-0.0012375191333929003,10.0,103.0,0.1241261924920391,156.6625874125874,161.56638714185885,0.1241261924920391
sub-010,0.2,0.1241261924920391,0.1260842505848605,-0.001958058092821402,21.0,103.0,0.1241261924920391,156.6625874125874,161.56638714185885,0.1241261924920391
sub-010,0.3,0.1241261924920391,0.1269532617171387,-0.0028270692250995932,31.0,103.0,0.1241261924920391,156.6625874125874,161.56638714185885,0.1241261924920391
sub-010,0.4,0.1241261924920391,0.1277691210587655,-0.0036429285667264055,41.0,103.0,0.1241261924920391,156.6625874125874,161.56638714185885,0.1241261924920391
sub-010,0.5,0.1241261924920391,0.1286727535017676,-0.0045465610097285,52.0,103.0,0.1241261924920391,156.6625874125874,161.56638714185885,0.1241261924920391
sub-010,0.6,0.1241261924920391,0.1290377661354712,-0.004911573643432088,62.0,103.0,0.1241261924920391,156.6625874125874,161.56638714185885,0.1241261924920391
sub-010,0.7,0.1241261924920391,0.1302415017326536,-0.006115309240614486,72.0,103.0,0.1241261924920391,156.6625874125874,161.56638714185885,0.1241261924920391
sub-010,0.8,0.1241261924920391,0.130432323417924,-0.00630613092588489,82.0,103.0,0.1241261924920391,156.6625874125874,161.56638714185885,0.1241261924920391
sub-010,0.9,0.1241261924920391,0.1310401599997076,-0.006913967507668511,93.0,103.0,0.1241261924920391,156.6625874125874,161.56638714185885,0.1241261924920391
sub-010,1.0,0.1241261924920391,0.1317330705538924,-0.007606878061853312,103.0,103.0,0.1241261924920391,156.6625874125874,161.56638714185885,0.1241261924920391
sub-011,0.0,0.1475177444835223,0.147641563449242,-0.00012381896571969642,0.0,103.0,0.1475177444835223,-106.32738095238096,15.251097178683397,0.1475177444835223
sub-011,0.1,0.1475177444835223,0.1475894501720304,-7.170568850808912e-05,10.0,103.0,0.1475177444835223,-106.32738095238096,15.251097178683397,0.1475177444835223
sub-011,0.2,0.1475177444835223,0.1477723070963583,-0.00025456261283599013,21.0,103.0,0.1475177444835223,-106.32738095238096,15.251097178683397,0.1475177444835223
sub-011,0.3,0.1475177444835223,0.1464190722713598,0.0010986722121625048,31.0,103.0,0.1475177444835223,-106.32738095238096,15.251097178683397,0.1475177444835223
sub-011,0.4,0.1475177444835223,0.1371673179769719,0.010350426506550409,41.0,103.0,0.1475177444835223,-106.32738095238096,15.251097178683397,0.1475177444835223
sub-011,0.5,0.1475177444835223,0.1251352820328972,0.022382462450625112,52.0,103.0,0.1475177444835223,-106.32738095238096,15.251097178683397,0.1475177444835223
sub-011,0.6,0.1475177444835223,0.1242256968491112,0.023292047634411117,62.0,103.0,0.1475177444835223,-106.32738095238096,15.251097178683397,0.1475177444835223
sub-011,0.7,0.1475177444835223,0.1247904772447124,0.02272726723880991,72.0,103.0,0.1475177444835223,-106.32738095238096,15.251097178683397,0.1475177444835223
sub-011,0.8,0.1475177444835223,0.1276485283615085,0.01986921612201381,82.0,103.0,0.1475177444835223,-106.32738095238096,15.251097178683397,0.1475177444835223
sub-011,0.9,0.1475177444835223,0.1301118223426634,0.017405922140858898,93.0,103.0,0.1475177444835223,-106.32738095238096,15.251097178683397,0.1475177444835223
sub-011,1.0,0.1475177444835223,0.1312526669669185,0.016265077516603804,103.0,103.0,0.1475177444835223,-106.32738095238096,15.251097178683397,0.1475177444835223
sub-012,0.0,0.1404772771427652,0.1405058585154441,-2.8581372678887496e-05,0.0,103.0,0.1404772771427652,58.28413424866514,37.30165912518856,0.1404772771427652
sub-012,0.1,0.1404772771427652,0.1408538749744396,-0.0003765978316744023,10.0,103.0,0.1404772771427652,58.28413424866514,37.30165912518856,0.1404772771427652
sub-012,0.2,0.1404772771427652,0.1411251826830707,-0.000647905540305499,21.0,103.0,0.1404772771427652,58.28413424866514,37.30165912518856,0.1404772771427652
sub-012,0.3,0.1404772771427652,0.137527469141196,0.0029498080015691874,31.0,103.0,0.1404772771427652,58.28413424866514,37.30165912518856,0.1404772771427652
sub-012,0.4,0.1404772771427652,0.135377933788226,0.00509934335453921,41.0,103.0,0.1404772771427652,58.28413424866514,37.30165912518856,0.1404772771427652
sub-012,0.5,0.1404772771427652,0.1317114194244598,0.008765857718305403,52.0,103.0,0.1404772771427652,58.28413424866514,37.30165912518856,0.1404772771427652
sub-012,0.6,0.1404772771427652,0.1340892513046424,0.006388025838122813,62.0,103.0,0.1404772771427652,58.28413424866514,37.30165912518856,0.1404772771427652
sub-012,0.7,0.1404772771427652,0.1344644221812916,0.006012854961473607,72.0,103.0,0.1404772771427652,58.28413424866514,37.30165912518856,0.1404772771427652
sub-012,0.8,0.1404772771427652,0.1338630516701075,0.006614225472657692,82.0,103.0,0.1404772771427652,58.28413424866514,37.30165912518856,0.1404772771427652
sub-012,0.9,0.1404772771427652,0.1281669995953093,0.012310277547455895,93.0,103.0,0.1404772771427652,58.28413424866514,37.30165912518856,0.1404772771427652
sub-012,1.0,0.1404772771427652,0.1266382774909804,0.013838999651784811,103.0,103.0,0.1404772771427652,58.28413424866514,37.30165912518856,0.1404772771427652
sub-013,0.0,0.1434726558857889,0.1435302590644373,-5.7603178648418796e-05,0.0,103.0,0.1434726558857889,108.3820662768031,43.03194263363756,0.1434726558857889
sub-013,0.1,0.1434726558857889,0.1448911779602686,-0.0014185220744797056,10.0,103.0,0.1434726558857889,108.3820662768031,43.03194263363756,0.1434726558857889
sub-013,0.2,0.1434726558857889,0.1444562932983593,-0.000983637412570404,21.0,103.0,0.1434726558857889,108.3820662768031,43.03194263363756,0.1434726558857889
sub-013,0.3,0.1434726558857889,0.1471204757755162,-0.003647819889727316,31.0,103.0,0.1434726558857889,108.3820662768031,43.03194263363756,0.1434726558857889
sub-013,0.4,0.1434726558857889,0.1467219499701853,-0.00324929408439642,41.0,103.0,0.1434726558857889,108.3820662768031,43.03194263363756,0.1434726558857889
sub-013,0.5,0.1434726558857889,0.145184704679784,-0.0017120487939951134,52.0,103.0,0.1434726558857889,108.3820662768031,43.03194263363756,0.1434726558857889
sub-013,0.6,0.1434726558857889,0.1444247850701141,-0.0009521291843252178,62.0,103.0,0.1434726558857889,108.3820662768031,43.03194263363756,0.1434726558857889
sub-013,0.7,0.1434726558857889,0.1425747185989454,0.000897937286843481,72.0,103.0,0.1434726558857889,108.3820662768031,43.03194263363756,0.1434726558857889
sub-013,0.8,0.1434726558857889,0.1404413393975352,0.0030313164882536936,82.0,103.0,0.1434726558857889,108.3820662768031,43.03194263363756,0.1434726558857889
sub-013,0.9,0.1434726558857889,0.1372329735198081,0.006239682365980798,93.0,103.0,0.1434726558857889,108.3820662768031,43.03194263363756,0.1434726558857889
sub-013,1.0,0.1434726558857889,0.1359250481704988,0.007547607715290089,103.0,103.0,0.1434726558857889,108.3820662768031,43.03194263363756,0.1434726558857889
sub-014,0.0,0.1188441199615205,0.1194635927980772,-0.0006194728365566948,0.0,103.0,0.1188441199615205,191.39010989010987,94.88336192109776,0.1188441199615205
sub-014,0.1,0.1188441199615205,0.1194388603067596,-0.0005947403452390976,10.0,103.0,0.1188441199615205,191.39010989010987,94.88336192109776,0.1188441199615205
sub-014,0.2,0.1188441199615205,0.1177263632651657,0.0011177566963548047,21.0,103.0,0.1188441199615205,191.39010989010987,94.88336192109776,0.1188441199615205
sub-014,0.3,0.1188441199615205,0.1204077319811232,-0.0015636120196027004,31.0,103.0,0.1188441199615205,191.39010989010987,94.88336192109776,0.1188441199615205
sub-014,0.4,0.1188441199615205,0.1220806367104698,-0.0032365167489493,41.0,103.0,0.1188441199615205,191.39010989010987,94.88336192109776,0.1188441199615205
sub-014,0.5,0.1188441199615205,0.12763181646872,-0.008787696507199488,52.0,103.0,0.1188441199615205,191.39010989010987,94.88336192109776,0.1188441199615205
sub-014,0.6,0.1188441199615205,0.1314729626598793,-0.012628842698358789,62.0,103.0,0.1188441199615205,191.39010989010987,94.88336192109776,0.1188441199615205
sub-014,0.7,0.1188441199615205,0.131311162454628,-0.01246704249310751,72.0,103.0,0.1188441199615205,191.39010989010987,94.88336192109776,0.1188441199615205
sub-014,0.8,0.1188441199615205,0.1334450796845482,-0.01460095972302769,82.0,103.0,0.1188441199615205,191.39010989010987,94.88336192109776,0.1188441199615205
sub-014,0.9,0.1188441199615205,0.1331262131608603,-0.01428209319933979,93.0,103.0,0.1188441199615205,191.39010989010987,94.88336192109776,0.1188441199615205
sub-014,1.0,0.1188441199615205,0.1321775516629512,-0.013333431701430698,103.0,103.0,0.1188441199615205,191.39010989010987,94.88336192109776,0.1188441199615205
sub-015,0.0,0.1412327142680101,0.1410434252155139,0.00018928905249618322,0.0,103.0,0.1412327142680101,281.4324675324675,67.32270657124269,0.1412327142680101
sub-015,0.1,0.1412327142680101,0.1406381424315025,0.0005945718365076014,10.0,103.0,0.1412327142680101,281.4324675324675,67.32270657124269,0.1412327142680101
sub-015,0.2,0.1412327142680101,0.139395719574591,0.0018369946934191084,21.0,103.0,0.1412327142680101,281.4324675324675,67.32270657124269,0.1412327142680101
sub-015,0.3,0.1412327142680101,0.1382148798351136,0.0030178344328964934,31.0,103.0,0.1412327142680101,281.4324675324675,67.32270657124269,0.1412327142680101
sub-015,0.4,0.1412327142680101,0.1334883582523779,0.007744356015632198,41.0,103.0,0.1412327142680101,281.4324675324675,67.32270657124269,0.1412327142680101
sub-015,0.5,0.1412327142680101,0.13051138713625,0.010721327131760106,52.0,103.0,0.1412327142680101,281.4324675324675,67.32270657124269,0.1412327142680101
sub-015,0.6,0.1412327142680101,0.1313801632426975,0.0098525510253126,62.0,103.0,0.1412327142680101,281.4324675324675,67.32270657124269,0.1412327142680101
sub-015,0.7,0.1412327142680101,0.1297539753417159,0.011478738926294196,72.0,103.0,0.1412327142680101,281.4324675324675,67.32270657124269,0.1412327142680101
sub-015,0.8,0.1412327142680101,0.1268737823718931,0.014358931896117005,82.0,103.0,0.1412327142680101,281.4324675324675,67.32270657124269,0.1412327142680101
sub-015,0.9,0.1412327142680101,0.1278693274412913,0.01336338682671881,93.0,103.0,0.1412327142680101,281.4324675324675,67.32270657124269,0.1412327142680101
sub-015,1.0,0.1412327142680101,0.1281004173785238,0.013132296889486306,103.0,103.0,0.1412327142680101,281.4324675324675,67.32270657124269,0.1412327142680101
sub-016,0.0,0.1264668493223129,0.1270471263254,-0.0005802770030871041,0.0,103.0,0.1264668493223129,69.73959183673469,-9.149999999999975,0.1264668493223129
sub-016,0.1,0.1264668493223129,0.1269248943839882,-0.0004580450616753218,10.0,103.0,0.1264668493223129,69.73959183673469,-9.149999999999975,0.1264668493223129
sub-016,0.2,0.1264668493223129,0.1271783132976669,-0.0007114639753540153,21.0,103.0,0.1264668493223129,69.73959183673469,-9.149999999999975,0.1264668493223129
sub-016,0.3,0.1264668493223129,0.1272855876929847,-0.0008187383706718121,31.0,103.0,0.1264668493223129,69.73959183673469,-9.149999999999975,0.1264668493223129
sub-016,0.4,0.1264668493223129,0.127878773508884,-0.0014119241865711007,41.0,103.0,0.1264668493223129,69.73959183673469,-9.149999999999975,0.1264668493223129
sub-016,0.5,0.1264668493223129,0.1278786980715552,-0.0014118487492423004,52.0,103.0,0.1264668493223129,69.73959183673469,-9.149999999999975,0.1264668493223129
sub-016,0.6,0.1264668493223129,0.1271281235703857,-0.0006612742480728018,62.0,103.0,0.1264668493223129,69.73959183673469,-9.149999999999975,0.1264668493223129
sub-016,0.7,0.1264668493223129,0.1269860843322142,-0.0005192350099013088,72.0,103.0,0.1264668493223129,69.73959183673469,-9.149999999999975,0.1264668493223129
sub-016,0.8,0.1264668493223129,0.1279127108041568,-0.0014458614818439186,82.0,103.0,0.1264668493223129,69.73959183673469,-9.149999999999975,0.1264668493223129
sub-016,0.9,0.1264668493223129,0.1276465371384106,-0.001179687816097702,93.0,103.0,0.1264668493223129,69.73959183673469,-9.149999999999975,0.1264668493223129
sub-016,1.0,0.1264668493223129,0.1281071872043691,-0.0016403378820561976,103.0,103.0,0.1264668493223129,69.73959183673469,-9.149999999999975,0.1264668493223129
sub-017,0.0,0.11603831467667,0.1162477498697822,-0.0002094351931122007,0.0,103.0,0.11603831467667,281.13803840166065,-91.39231966787752,0.11603831467667
sub-017,0.1,0.11603831467667,0.1114217739338001,0.004616540742869907,10.0,103.0,0.11603831467667,281.13803840166065,-91.39231966787752,0.11603831467667
sub-017,0.2,0.11603831467667,0.1124036043640822,0.003634710312587802,21.0,103.0,0.11603831467667,281.13803840166065,-91.39231966787752,0.11603831467667
sub-017,0.3,0.11603831467667,0.1109277901014404,0.005110524575229605,31.0,103.0,0.11603831467667,281.13803840166065,-91.39231966787752,0.11603831467667
sub-017,0.4,0.11603831467667,0.1109429051365965,0.005095409540073495,41.0,103.0,0.11603831467667,281.13803840166065,-91.39231966787752,0.11603831467667
sub-017,0.5,0.11603831467667,0.1132511566070404,0.0027871580696296056,52.0,103.0,0.11603831467667,281.13803840166065,-91.39231966787752,0.11603831467667
sub-017,0.6,0.11603831467667,0.1146287162008363,0.0014095984758337038,62.0,103.0,0.11603831467667,281.13803840166065,-91.39231966787752,0.11603831467667
sub-017,0.7,0.11603831467667,0.1154753260540339,0.0005629886226360958,72.0,103.0,0.11603831467667,281.13803840166065,-91.39231966787752,0.11603831467667
sub-017,0.8,0.11603831467667,0.1167112107175633,-0.0006728960408932949,82.0,103.0,0.11603831467667,281.13803840166065,-91.39231966787752,0.11603831467667
sub-017,0.9,0.11603831467667,0.1192132164456847,-0.003174901769014693,93.0,103.0,0.11603831467667,281.13803840166065,-91.39231966787752,0.11603831467667
sub-017,1.0,0.11603831467667,0.1215372153244494,-0.005498900647779401,103.0,103.0,0.11603831467667,281.13803840166065,-91.39231966787752,0.11603831467667
sub-018,0.0,0.125421085355157,0.1249758225849261,0.00044526277023090866,0.0,103.0,0.125421085355157,83.52274754683317,112.5345238095238,0.125421085355157
sub-018,0.1,0.125421085355157,0.1245597450750409,0.0008613402801160991,10.0,103.0,0.125421085355157,83.52274754683317,112.5345238095238,0.125421085355157
sub-018,0.2,0.125421085355157,0.1218401690544156,0.0035809163007414074,21.0,103.0,0.125421085355157,83.52274754683317,112.5345238095238,0.125421085355157
sub-018,0.3,0.125421085355157,0.1186086304925187,0.006812454862638304,31.0,103.0,0.125421085355157,83.52274754683317,112.5345238095238,0.125421085355157
sub-018,0.4,0.125421085355157,0.1156711323766302,0.009749952978526807,41.0,103.0,0.125421085355157,83.52274754683317,112.5345238095238,0.125421085355157
sub-018,0.5,0.125421085355157,0.1148376920148715,0.010583393340285505,52.0,103.0,0.125421085355157,83.52274754683317,112.5345238095238,0.125421085355157
sub-018,0.6,0.125421085355157,0.1158780207761901,0.009543064578966906,62.0,103.0,0.125421085355157,83.52274754683317,112.5345238095238,0.125421085355157
sub-018,0.7,0.125421085355157,0.1156865943317213,0.009734491023435696,72.0,103.0,0.125421085355157,83.52274754683317,112.5345238095238,0.125421085355157
sub-018,0.8,0.125421085355157,0.1152688413626676,0.010152243992489401,82.0,103.0,0.125421085355157,83.52274754683317,112.5345238095238,0.125421085355157
sub-018,0.9,0.125421085355157,0.1141206647127867,0.011300420642370301,93.0,103.0,0.125421085355157,83.52274754683317,112.5345238095238,0.125421085355157
sub-018,1.0,0.125421085355157,0.1141272813269738,0.011293804028183196,103.0,103.0,0.125421085355157,83.52274754683317,112.5345238095238,0.125421085355157
sub-019,0.0,0.1316083222780341,0.1312402539255425,0.00036806835249159064,0.0,103.0,0.1316083222780341,114.01785714285714,22.644019138756,0.1316083222780341
sub-019,0.1,0.1316083222780341,0.133365542462067,-0.0017572201840329038,10.0,103.0,0.1316083222780341,114.01785714285714,22.644019138756,0.1316083222780341
sub-019,0.2,0.1316083222780341,0.1344618042066571,-0.002853481928623003,21.0,103.0,0.1316083222780341,114.01785714285714,22.644019138756,0.1316083222780341
sub-019,0.3,0.1316083222780341,0.1334812171286774,-0.0018728948506432919,31.0,103.0,0.1316083222780341,114.01785714285714,22.644019138756,0.1316083222780341
sub-019,0.4,0.1316083222780341,0.1314768302654915,0.0001314920125425889,41.0,103.0,0.1316083222780341,114.01785714285714,22.644019138756,0.1316083222780341
sub-019,0.5,0.1316083222780341,0.1290357179805747,0.0025726042974593966,52.0,103.0,0.1316083222780341,114.01785714285714,22.644019138756,0.1316083222780341
sub-019,0.6,0.1316083222780341,0.128912536582673,0.002695785695361108,62.0,103.0,0.1316083222780341,114.01785714285714,22.644019138756,0.1316083222780341
sub-019,0.7,0.1316083222780341,0.1285748490654663,0.0030334732125678054,72.0,103.0,0.1316083222780341,114.01785714285714,22.644019138756,0.1316083222780341
sub-019,0.8,0.1316083222780341,0.1280493243875159,0.003558997890518195,82.0,103.0,0.1316083222780341,114.01785714285714,22.644019138756,0.1316083222780341
sub-019,0.9,0.1316083222780341,0.1290446588242242,0.0025636634538099,93.0,103.0,0.1316083222780341,114.01785714285714,22.644019138756,0.1316083222780341
sub-019,1.0,0.1316083222780341,0.1285044403678936,0.0031038819101404935,103.0,103.0,0.1316083222780341,114.01785714285714,22.644019138756,0.1316083222780341
sub-020,0.0,0.1368577811944499,0.1361631711160605,0.0006946100783894182,0.0,103.0,0.1368577811944499,20.910806174957145,-18.159958720330224,0.1368577811944499
sub-020,0.1,0.1368577811944499,0.139512047213287,-0.002654266018837087,10.0,103.0,0.1368577811944499,20.910806174957145,-18.159958720330224,0.1368577811944499
sub-020,0.2,0.1368577811944499,0.1390515202557248,-0.002193739061274874,21.0,103.0,0.1368577811944499,20.910806174957145,-18.159958720330224,0.1368577811944499
sub-020,0.3,0.1368577811944499,0.1371489717124679,-0.00029119051801798634,31.0,103.0,0.1368577811944499,20.910806174957145,-18.159958720330224,0.1368577811944499
sub-020,0.4,0.1368577811944499,0.1315187999097491,0.005338981284700811,41.0,103.0,0.1368577811944499,20.910806174957145,-18.159958720330224,0.1368577811944499
sub-020,0.5,0.1368577811944499,0.1297457638698891,0.007112017324560821,52.0,103.0,0.1368577811944499,20.910806174957145,-18.159958720330224,0.1368577811944499
sub-020,0.6,0.1368577811944499,0.1295645653228291,0.007293215871620823,62.0,103.0,0.1368577811944499,20.910806174957145,-18.159958720330224,0.1368577811944499
sub-020,0.7,0.1368577811944499,0.1297702985712954,0.007087482623154506,72.0,103.0,0.1368577811944499,20.910806174957145,-18.159958720330224,0.1368577811944499
sub-020,0.8,0.1368577811944499,0.1297026100376667,0.007155171156783213,82.0,103.0,0.1368577811944499,20.910806174957145,-18.159958720330224,0.1368577811944499
sub-020,0.9,0.1368577811944499,0.1307897545967288,0.006068026597721099,93.0,103.0,0.1368577811944499,20.910806174957145,-18.159958720330224,0.1368577811944499
sub-020,1.0,0.1368577811944499,0.1309348502587775,0.005922930935672421,103.0,103.0,0.1368577811944499,20.910806174957145,-18.159958720330224,0.1368577811944499
sub-021,0.0,0.1357978529068248,0.1359894938299656,-0.00019164092314080672,0.0,103.0,0.1357978529068248,216.79811912225705,38.10056390977445,0.1357978529068248
sub-021,0.1,0.1357978529068248,0.1353373603146244,0.0004604925922004066,10.0,103.0,0.1357978529068248,216.79811912225705,38.10056390977445,0.1357978529068248
sub-021,0.2,0.1357978529068248,0.135057337881649,0.000740515025175803,21.0,103.0,0.1357978529068248,216.79811912225705,38.10056390977445,0.1357978529068248
sub-021,0.3,0.1357978529068248,0.1348856300434286,0.000912222863396206,31.0,103.0,0.1357978529068248,216.79811912225705,38.10056390977445,0.1357978529068248
sub-021,0.4,0.1357978529068248,0.133383089403674,0.002414763503150813,41.0,103.0,0.1357978529068248,216.79811912225705,38.10056390977445,0.1357978529068248
sub-021,0.5,0.1357978529068248,0.1334088749084184,0.0023889779984063997,52.0,103.0,0.1357978529068248,216.79811912225705,38.10056390977445,0.1357978529068248
sub-021,0.6,0.1357978529068248,0.1320221056480821,0.0037757472587427177,62.0,103.0,0.1357978529068248,216.79811912225705,38.10056390977445,0.1357978529068248
sub-021,0.7,0.1357978529068248,0.1319278373025015,0.003870015604323318,72.0,103.0,0.1357978529068248,216.79811912225705,38.10056390977445,0.1357978529068248
sub-021,0.8,0.1357978529068248,0.1312849197866906,0.004512933120134205,82.0,103.0,0.1357978529068248,216.79811912225705,38.10056390977445,0.1357978529068248
sub-021,0.9,0.1357978529068248,0.1283987898379774,0.007399063068847411,93.0,103.0,0.1357978529068248,216.79811912225705,38.10056390977445,0.1357978529068248
sub-021,1.0,0.1357978529068248,0.1277827601750185,0.008015092731806311,103.0,103.0,0.1357978529068248,216.79811912225705,38.10056390977445,0.1357978529068248
sub-022,0.0,0.1167072137547542,0.116800392351362,-9.317859660780414e-05,0.0,103.0,0.1167072137547542,108.31694915254238,72.30084745762713,0.1167072137547542
sub-022,0.1,0.1167072137547542,0.1174004467004171,-0.000693232945662911,10.0,103.0,0.1167072137547542,108.31694915254238,72.30084745762713,0.1167072137547542
sub-022,0.2,0.1167072137547542,0.1192889948894659,-0.0025817811347117053,21.0,103.0,0.1167072137547542,108.31694915254238,72.30084745762713,0.1167072137547542
sub-022,0.3,0.1167072137547542,0.119132334600539,-0.002425120845784806,31.0,103.0,0.1167072137547542,108.31694915254238,72.30084745762713,0.1167072137547542
sub-022,0.4,0.1167072137547542,0.1197798685449189,-0.0030726547901647056,41.0,103.0,0.1167072137547542,108.31694915254238,72.30084745762713,0.1167072137547542
sub-022,0.5,0.1167072137547542,0.1206167702567003,-0.003909556501946104,52.0,103.0,0.1167072137547542,108.31694915254238,72.30084745762713,0.1167072137547542
sub-022,0.6,0.1167072137547542,0.1212311082618404,-0.004523894507086207,62.0,103.0,0.1167072137547542,108.31694915254238,72.30084745762713,0.1167072137547542
sub-022,0.7,0.1167072137547542,0.1213649236881447,-0.0046577099333905,72.0,103.0,0.1167072137547542,108.31694915254238,72.30084745762713,0.1167072137547542
sub-022,0.8,0.1167072137547542,0.1232505982348275,-0.0065433844800733,82.0,103.0,0.1167072137547542,108.31694915254238,72.30084745762713,0.1167072137547542
sub-022,0.9,0.1167072137547542,0.1246778691162047,-0.007970655361450502,93.0,103.0,0.1167072137547542,108.31694915254238,72.30084745762713,0.1167072137547542
sub-022,1.0,0.1167072137547542,0.1255655439025789,-0.008858330147824708,103.0,103.0,0.1167072137547542,108.31694915254238,72.30084745762713,0.1167072137547542
sub-023,0.0,0.1289094711721598,0.1294662401923347,-0.0005567690201748743,0.0,103.0,0.1289094711721598,-59.94642857142856,147.2058823529412,0.1289094711721598
sub-023,0.1,0.1289094711721598,0.1281962976466377,0.0007131735255221094,10.0,103.0,0.1289094711721598,-59.94642857142856,147.2058823529412,0.1289094711721598
sub-023,0.2,0.1289094711721598,0.122688304694238,0.006221166477921813,21.0,103.0,0.1289094711721598,-59.94642857142856,147.2058823529412,0.1289094711721598
sub-023,0.3,0.1289094711721598,0.1127544601444395,0.01615501102772031,31.0,103.0,0.1289094711721598,-59.94642857142856,147.2058823529412,0.1289094711721598
sub-023,0.4,0.1289094711721598,0.1130801545624507,0.015829316609709113,41.0,103.0,0.1289094711721598,-59.94642857142856,147.2058823529412,0.1289094711721598
sub-023,0.5,0.1289094711721598,0.1153466279159153,0.013562843256244517,52.0,103.0,0.1289094711721598,-59.94642857142856,147.2058823529412,0.1289094711721598
sub-023,0.6,0.1289094711721598,0.1157607519032048,0.013148719268955014,62.0,103.0,0.1289094711721598,-59.94642857142856,147.2058823529412,0.1289094711721598
sub-023,0.7,0.1289094711721598,0.1171414519128881,0.011768019259271706,72.0,103.0,0.1289094711721598,-59.94642857142856,147.2058823529412,0.1289094711721598
sub-023,0.8,0.1289094711721598,0.1211353826651104,0.007774088507049415,82.0,103.0,0.1289094711721598,-59.94642857142856,147.2058823529412,0.1289094711721598
sub-023,0.9,0.1289094711721598,0.1237418763329664,0.005167594839193407,93.0,103.0,0.1289094711721598,-59.94642857142856,147.2058823529412,0.1289094711721598
sub-023,1.0,0.1289094711721598,0.1242997933722181,0.0046096777999417166,103.0,103.0,0.1289094711721598,-59.94642857142856,147.2058823529412,0.1289094711721598
sub-024,0.0,0.1323668199760896,0.1316106480406828,0.0007561719354068075,0.0,103.0,0.1323668199760896,65.97171945701353,87.62879205736346,0.1323668199760896
sub-024,0.1,0.1323668199760896,0.1330322035441384,-0.0006653835680487941,10.0,103.0,0.1323668199760896,65.97171945701353,87.62879205736346,0.1323668199760896
sub-024,0.2,0.1323668199760896,0.1304323245528873,0.001934495423202287,21.0,103.0,0.1323668199760896,65.97171945701353,87.62879205736346,0.1323668199760896
sub-024,0.3,0.1323668199760896,0.1282457079120537,0.004121112064035898,31.0,103.0,0.1323668199760896,65.97171945701353,87.62879205736346,0.1323668199760896
sub-024,0.4,0.1323668199760896,0.12453681922514,0.007830000750949598,41.0,103.0,0.1323668199760896,65.97171945701353,87.62879205736346,0.1323668199760896
sub-024,0.5,0.1323668199760896,0.1226488458632369,0.00971797411285269,52.0,103.0,0.1323668199760896,65.97171945701353,87.62879205736346,0.1323668199760896
sub-024,0.6,0.1323668199760896,0.1193462631481791,0.013020556827910493,62.0,103.0,0.1323668199760896,65.97171945701353,87.62879205736346,0.1323668199760896
sub-024,0.7,0.1323668199760896,0.1194576923478245,0.012909127628265099,72.0,103.0,0.1323668199760896,65.97171945701353,87.62879205736346,0.1323668199760896
sub-024,0.8,0.1323668199760896,0.1203700188435774,0.011996801132512197,82.0,103.0,0.1323668199760896,65.97171945701353,87.62879205736346,0.1323668199760896
sub-024,0.9,0.1323668199760896,0.1200226513205467,0.0123441686555429,93.0,103.0,0.1323668199760896,65.97171945701353,87.62879205736346,0.1323668199760896
sub-024,1.0,0.1323668199760896,0.1192378176103892,0.013129002365700401,103.0,103.0,0.1323668199760896,65.97171945701353,87.62879205736346,0.1323668199760896
sub-025,0.0,0.1350828860590367,0.1347880112460785,0.0002948748129582013,0.0,103.0,0.1350828860590367,243.3021778584392,63.52935835351087,0.1350828860590367
sub-025,0.1,0.1350828860590367,0.13440089599975,0.0006819900592867079,10.0,103.0,0.1350828860590367,243.3021778584392,63.52935835351087,0.1350828860590367
sub-025,0.2,0.1350828860590367,0.135685616245166,-0.0006027301861293022,21.0,103.0,0.1350828860590367,243.3021778584392,63.52935835351087,0.1350828860590367
sub-025,0.3,0.1350828860590367,0.1316419166078721,0.003440969451164594,31.0,103.0,0.1350828860590367,243.3021778584392,63.52935835351087,0.1350828860590367
sub-025,0.4,0.1350828860590367,0.1302227721236358,0.004860113935400895,41.0,103.0,0.1350828860590367,243.3021778584392,63.52935835351087,0.1350828860590367
sub-025,0.5,0.1350828860590367,0.128957123370711,0.006125762688325709,52.0,103.0,0.1350828860590367,243.3021778584392,63.52935835351087,0.1350828860590367
sub-025,0.6,0.1350828860590367,0.1285850360467289,0.006497850012307793,62.0,103.0,0.1350828860590367,243.3021778584392,63.52935835351087,0.1350828860590367
sub-025,0.7,0.1350828860590367,0.1287775642681054,0.006305321790931295,72.0,103.0,0.1350828860590367,243.3021778584392,63.52935835351087,0.1350828860590367
sub-025,0.8,0.1350828860590367,0.1297044773178192,0.005378408741217505,82.0,103.0,0.1350828860590367,243.3021778584392,63.52935835351087,0.1350828860590367
sub-025,0.9,0.1350828860590367,0.1304414657419396,0.004641420317097106,93.0,103.0,0.1350828860590367,243.3021778584392,63.52935835351087,0.1350828860590367
sub-025,1.0,0.1350828860590367,0.1303551506841438,0.004727735374892905,103.0,103.0,0.1350828860590367,243.3021778584392,63.52935835351087,0.1350828860590367
sub-026,0.0,0.1271796244953746,0.1271756677363499,3.956759024703604e-06,0.0,103.0,0.1271796244953746,-25.88711776187378,108.65681818181818,0.1271796244953746
sub-026,0.1,0.1271796244953746,0.1280224784490305,-0.0008428539536559088,10.0,103.0,0.1271796244953746,-25.88711776187378,108.65681818181818,0.1271796244953746
sub-026,0.2,0.1271796244953746,0.1284752086452786,-0.0012955841499039944,21.0,103.0,0.1271796244953746,-25.88711776187378,108.65681818181818,0.1271796244953746
sub-026,0.3,0.1271796244953746,0.1289593871948743,-0.0017797626994996985,31.0,103.0,0.1271796244953746,-25.88711776187378,108.65681818181818,0.1271796244953746
sub-026,0.4,0.1271796244953746,0.1298875501320831,-0.002707925636708519,41.0,103.0,0.1271796244953746,-25.88711776187378,108.65681818181818,0.1271796244953746
sub-026,0.5,0.1271796244953746,0.1303191506592205,-0.0031395261638459127,52.0,103.0,0.1271796244953746,-25.88711776187378,108.65681818181818,0.1271796244953746
sub-026,0.6,0.1271796244953746,0.1305592075184319,-0.0033795830230572976,62.0,103.0,0.1271796244953746,-25.88711776187378,108.65681818181818,0.1271796244953746
sub-026,0.7,0.1271796244953746,0.1310174914531486,-0.0038378669577739943,72.0,103.0,0.1271796244953746,-25.88711776187378,108.65681818181818,0.1271796244953746
sub-026,0.8,0.1271796244953746,0.130706037004454,-0.0035264125090793963,82.0,103.0,0.1271796244953746,-25.88711776187378,108.65681818181818,0.1271796244953746
sub-026,0.9,0.1271796244953746,0.1310657352238074,-0.0038861107284328122,93.0,103.0,0.1271796244953746,-25.88711776187378,108.65681818181818,0.1271796244953746
sub-026,1.0,0.1271796244953746,0.1321545147135935,-0.004974890218218897,103.0,103.0,0.1271796244953746,-25.88711776187378,108.65681818181818,0.1271796244953746
sub-027,0.0,0.1359453174358089,0.1362490182329276,-0.00030370079711869447,0.0,103.0,0.1359453174358089,261.0182555780933,24.50841750841749,0.1359453174358089
sub-027,0.1,0.1359453174358089,0.1366472734292293,-0.0007019559934204056,10.0,103.0,0.1359453174358089,261.0182555780933,24.50841750841749,0.1359453174358089
sub-027,0.2,0.1359453174358089,0.137908287652504,-0.0019629702166951146,21.0,103.0,0.1359453174358089,261.0182555780933,24.50841750841749,0.1359453174358089
sub-027,0.3,0.1359453174358089,0.1372770204723468,-0.0013317030365379012,31.0,103.0,0.1359453174358089,261.0182555780933,24.50841750841749,0.1359453174358089
sub-027,0.4,0.1359453174358089,0.136952897367683,-0.001007579931874114,41.0,103.0,0.1359453174358089,261.0182555780933,24.50841750841749,0.1359453174358089
sub-027,0.5,0.1359453174358089,0.1362985511034698,-0.00035323366766090714,52.0,103.0,0.1359453174358089,261.0182555780933,24.50841750841749,0.1359453174358089
sub-027,0.6,0.1359453174358089,0.1346148759672019,0.001330441468607002,62.0,103.0,0.1359453174358089,261.0182555780933,24.50841750841749,0.1359453174358089
sub-027,0.7,0.1359453174358089,0.135795503370735,0.00014981406507388884,72.0,103.0,0.1359453174358089,261.0182555780933,24.50841750841749,0.1359453174358089
sub-027,0.8,0.1359453174358089,0.1359733678234638,-2.805038765490986e-05,82.0,103.0,0.1359453174358089,261.0182555780933,24.50841750841749,0.1359453174358089
sub-027,0.9,0.1359453174358089,0.1333835835020406,0.0025617339337682954,93.0,103.0,0.1359453174358089,261.0182555780933,24.50841750841749,0.1359453174358089
sub-027,1.0,0.1359453174358089,0.1297702313502536,0.006175086085555309,103.0,103.0,0.1359453174358089,261.0182555780933,24.50841750841749,0.1359453174358089
sub-028,0.0,0.1182047121035243,0.1178077627522673,0.00039694935125700326,0.0,103.0,0.1182047121035243,-159.14471243042675,213.0829346092504,0.1182047121035243
sub-028,0.1,0.1182047121035243,0.1205124869295784,-0.0023077748260540987,10.0,103.0,0.1182047121035243,-159.14471243042675,213.0829346092504,0.1182047121035243
sub-028,0.2,0.1182047121035243,0.1245660354276231,-0.0063613233240987915,21.0,103.0,0.1182047121035243,-159.14471243042675,213.0829346092504,0.1182047121035243
sub-028,0.3,0.1182047121035243,0.1290396956330795,-0.010834983529555184,31.0,103.0,0.1182047121035243,-159.14471243042675,213.0829346092504,0.1182047121035243
sub-028,0.4,0.1182047121035243,0.1317538243845921,-0.013549112281067796,41.0,103.0,0.1182047121035243,-159.14471243042675,213.0829346092504,0.1182047121035243
sub-028,0.5,0.1182047121035243,0.129620318291813,-0.011415606188288699,52.0,103.0,0.1182047121035243,-159.14471243042675,213.0829346092504,0.1182047121035243
sub-028,0.6,0.1182047121035243,0.1234924458725757,-0.005287733769051395,62.0,103.0,0.1182047121035243,-159.14471243042675,213.0829346092504,0.1182047121035243
sub-028,0.7,0.1182047121035243,0.1266867806526699,-0.008482068549145586,72.0,103.0,0.1182047121035243,-159.14471243042675,213.0829346092504,0.1182047121035243
sub-028,0.8,0.1182047121035243,0.1282307383891098,-0.010026026285585507,82.0,103.0,0.1182047121035243,-159.14471243042675,213.0829346092504,0.1182047121035243
sub-028,0.9,0.1182047121035243,0.130435997489562,-0.012231285386037696,93.0,103.0,0.1182047121035243,-159.14471243042675,213.0829346092504,0.1182047121035243
sub-028,1.0,0.1182047121035243,0.1308112513860408,-0.012606539282516496,103.0,103.0,0.1182047121035243,-159.14471243042675,213.0829346092504,0.1182047121035243
sub-029,0.0,0.1365428371486148,0.1372244319971274,-0.0006815948485126011,0.0,103.0,0.1365428371486148,141.18218390804597,146.8109195402299,0.1365428371486148
sub-029,0.1,0.1365428371486148,0.1406145111234951,-0.004071673974880313,10.0,103.0,0.1365428371486148,141.18218390804597,146.8109195402299,0.1365428371486148
sub-029,0.2,0.1365428371486148,0.1395133322863664,-0.0029704951377516053,21.0,103.0,0.1365428371486148,141.18218390804597,146.8109195402299,0.1365428371486148
sub-029,0.3,0.1365428371486148,0.1380442450553056,-0.001501407906690816,31.0,103.0,0.1365428371486148,141.18218390804597,146.8109195402299,0.1365428371486148
sub-029,0.4,0.1365428371486148,0.1340228431173514,0.0025199940312633784,41.0,103.0,0.1365428371486148,141.18218390804597,146.8109195402299,0.1365428371486148
sub-029,0.5,0.1365428371486148,0.1291267110594197,0.007416126089195091,52.0,103.0,0.1365428371486148,141.18218390804597,146.8109195402299,0.1365428371486148
sub-029,0.6,0.1365428371486148,0.125030854007533,0.011511983141081789,62.0,103.0,0.1365428371486148,141.18218390804597,146.8109195402299,0.1365428371486148
sub-029,0.7,0.1365428371486148,0.1267895618251882,0.009753275323426597,72.0,103.0,0.1365428371486148,141.18218390804597,146.8109195402299,0.1365428371486148
sub-029,0.8,0.1365428371486148,0.1274339074344897,0.00910892971412508,82.0,103.0,0.1365428371486148,141.18218390804597,146.8109195402299,0.1365428371486148
sub-029,0.9,0.1365428371486148,0.1283371968726308,0.008205640275984,93.0,103.0,0.1365428371486148,141.18218390804597,146.8109195402299,0.1365428371486148
sub-029,1.0,0.1365428371486148,0.1288221561651297,0.007720680983485079,103.0,103.0,0.1365428371486148,141.18218390804597,146.8109195402299,0.1365428371486148
sub-030,0.0,0.1347286289132384,0.1348179140157272,-8.928510248881749e-05,0.0,103.0,0.1347286289132384,126.17924528301889,69.80225193525683,0.1347286289132384
sub-030,0.1,0.1347286289132384,0.1359416957809524,-0.0012130668677139966,10.0,103.0,0.1347286289132384,126.17924528301889,69.80225193525683,0.1347286289132384
sub-030,0.2,0.1347286289132384,0.13646242168036,-0.0017337927671216002,21.0,103.0,0.1347286289132384,126.17924528301889,69.80225193525683,0.1347286289132384
sub-030,0.3,0.1347286289132384,0.1370679114699949,-0.0023392825567565,31.0,103.0,0.1347286289132384,126.17924528301889,69.80225193525683,0.1347286289132384
sub-030,0.4,0.1347286289132384,0.1373690726280509,-0.002640443714812507,41.0,103.0,0.1347286289132384,126.17924528301889,69.80225193525683,0.1347286289132384
sub-030,0.5,0.1347286289132384,0.1366075602071375,-0.0018789312938990999,52.0,103.0,0.1347286289132384,126.17924528301889,69.80225193525683,0.1347286289132384
sub-030,0.6,0.1347286289132384,0.1367761538908507,-0.0020475249776123194,62.0,103.0,0.1347286289132384,126.17924528301889,69.80225193525683,0.1347286289132384
sub-030,0.7,0.1347286289132384,0.1358689595862681,-0.0011403306730297103,72.0,103.0,0.1347286289132384,126.17924528301889,69.80225193525683,0.1347286289132384
sub-030,0.8,0.1347286289132384,0.127952718840458,0.006775910072780389,82.0,103.0,0.1347286289132384,126.17924528301889,69.80225193525683,0.1347286289132384
sub-030,0.9,0.1347286289132384,0.1275680111162047,0.007160617797033697,93.0,103.0,0.1347286289132384,126.17924528301889,69.80225193525683,0.1347286289132384
sub-030,1.0,0.1347286289132384,0.1266342871004353,0.00809434181280308,103.0,103.0,0.1347286289132384,126.17924528301889,69.80225193525683,0.1347286289132384
sub-031,0.0,0.126133512103412,0.1273623440408608,-0.0012288319374487988,0.0,103.0,0.126133512103412,456.2754208754209,-19.1108490566038,0.126133512103412
sub-031,0.1,0.126133512103412,0.1239946391812966,0.002138872922115398,10.0,103.0,0.126133512103412,456.2754208754209,-19.1108490566038,0.126133512103412
sub-031,0.2,0.126133512103412,0.1239017624961707,0.002231749607241304,21.0,103.0,0.126133512103412,456.2754208754209,-19.1108490566038,0.126133512103412
sub-031,0.3,0.126133512103412,0.1235303710100532,0.00260314109335881,31.0,103.0,0.126133512103412,456.2754208754209,-19.1108490566038,0.126133512103412
sub-031,0.4,0.126133512103412,0.1238622445389191,0.0022712675644929042,41.0,103.0,0.126133512103412,456.2754208754209,-19.1108490566038,0.126133512103412
sub-031,0.5,0.126133512103412,0.1227521706391837,0.0033813414642283046,52.0,103.0,0.126133512103412,456.2754208754209,-19.1108490566038,0.126133512103412
sub-031,0.6,0.126133512103412,0.1236196359934699,0.002513876109942109,62.0,103.0,0.126133512103412,456.2754208754209,-19.1108490566038,0.126133512103412
sub-031,0.7,0.126133512103412,0.1206636729427732,0.005469839160638798,72.0,103.0,0.126133512103412,456.2754208754209,-19.1108490566038,0.126133512103412
sub-031,0.8,0.126133512103412,0.1184165998402975,0.007716912263114509,82.0,103.0,0.126133512103412,456.2754208754209,-19.1108490566038,0.126133512103412
sub-031,0.9,0.126133512103412,0.1184391063056895,0.0076944057977225006,93.0,103.0,0.126133512103412,456.2754208754209,-19.1108490566038,0.126133512103412
sub-031,1.0,0.126133512103412,0.1174932229019364,0.00864028920147561,103.0,103.0,0.126133512103412,456.2754208754209,-19.1108490566038,0.126133512103412
sub-032,0.0,0.1234404220671683,0.1233543536302856,8.606843688270527e-05,0.0,103.0,0.1234404220671683,241.33898305084745,54.32931034482755,0.1234404220671683
sub-032,0.1,0.1234404220671683,0.1224998688435651,0.0009405532236032021,10.0,103.0,0.1234404220671683,241.33898305084745,54.32931034482755,0.1234404220671683
sub-032,0.2,0.1234404220671683,0.1204186907615994,0.0030217313055689032,21.0,103.0,0.1234404220671683,241.33898305084745,54.32931034482755,0.1234404220671683
sub-032,0.3,0.1234404220671683,0.1190457146013591,0.004394707465809208,31.0,103.0,0.1234404220671683,241.33898305084745,54.32931034482755,0.1234404220671683
sub-032,0.4,0.1234404220671683,0.1196945949604549,0.003745827106713409,41.0,103.0,0.1234404220671683,241.33898305084745,54.32931034482755,0.1234404220671683
sub-032,0.5,0.1234404220671683,0.1192881628265242,0.004152259240644107,52.0,103.0,0.1234404220671683,241.33898305084745,54.32931034482755,0.1234404220671683
sub-032,0.6,0.1234404220671683,0.1157209802200964,0.007719441847071906,62.0,103.0,0.1234404220671683,241.33898305084745,54.32931034482755,0.1234404220671683
sub-032,0.7,0.1234404220671683,0.11868924366361,0.0047511784035583066,72.0,103.0,0.1234404220671683,241.33898305084745,54.32931034482755,0.1234404220671683
sub-032,0.8,0.1234404220671683,0.1208476395356306,0.0025927825315377045,82.0,103.0,0.1234404220671683,241.33898305084745,54.32931034482755,0.1234404220671683
sub-032,0.9,0.1234404220671683,0.1205335395508912,0.002906882516277104,93.0,103.0,0.1234404220671683,241.33898305084745,54.32931034482755,0.1234404220671683
sub-032,1.0,0.1234404220671683,0.1223240794777528,0.0011163425894155088,103.0,103.0,0.1234404220671683,241.33898305084745,54.32931034482755,0.1234404220671683
sub-033,0.0,0.1383781483451798,0.1380912633010143,0.0002868850441655191,0.0,103.0,0.1383781483451798,195.88480392156865,54.10049220672684,0.1383781483451798
sub-033,0.1,0.1383781483451798,0.1371857809177896,0.0011923674273902063,10.0,103.0,0.1383781483451798,195.88480392156865,54.10049220672684,0.1383781483451798
sub-033,0.2,0.1383781483451798,0.1376017292241857,0.000776419120994104,21.0,103.0,0.1383781483451798,195.88480392156865,54.10049220672684,0.1383781483451798
sub-033,0.3,0.1383781483451798,0.1389945930441088,-0.0006164446989289918,31.0,103.0,0.1383781483451798,195.88480392156865,54.10049220672684,0.1383781483451798
sub-033,0.4,0.1383781483451798,0.1392363419454175,-0.0008581936002377,41.0,103.0,0.1383781483451798,195.88480392156865,54.10049220672684,0.1383781483451798
sub-033,0.5,0.1383781483451798,0.1364277360331895,0.0019504123119903072,52.0,103.0,0.1383781483451798,195.88480392156865,54.10049220672684,0.1383781483451798
sub-033,0.6,0.1383781483451798,0.1341265301327522,0.004251618212427616,62.0,103.0,0.1383781483451798,195.88480392156865,54.10049220672684,0.1383781483451798
sub-033,0.7,0.1383781483451798,0.136927856869072,0.0014502914761078123,72.0,103.0,0.1383781483451798,195.88480392156865,54.10049220672684,0.1383781483451798
sub-033,0.8,0.1383781483451798,0.1315373403132607,0.00684080803191911,82.0,103.0,0.1383781483451798,195.88480392156865,54.10049220672684,0.1383781483451798
sub-033,0.9,0.1383781483451798,0.1307287970538371,0.007649351291342699,93.0,103.0,0.1383781483451798,195.88480392156865,54.10049220672684,0.1383781483451798
sub-033,1.0,0.1383781483451798,0.1304364154049892,0.007941732940190599,103.0,103.0,0.1383781483451798,195.88480392156865,54.10049220672684,0.1383781483451798
sub-034,0.0,0.1391152443397909,0.1393629166891643,-0.0002476723493734234,0.0,103.0,0.1391152443397909,114.50038138825325,-68.31471698113205,0.1391152443397909
sub-034,0.1,0.1391152443397909,0.1397063293208345,-0.0005910849810435992,10.0,103.0,0.1391152443397909,114.50038138825325,-68.31471698113205,0.1391152443397909
sub-034,0.2,0.1391152443397909,0.1399116049425377,-0.0007963606027468206,21.0,103.0,0.1391152443397909,114.50038138825325,-68.31471698113205,0.1391152443397909
sub-034,0.3,0.1391152443397909,0.1375950525793068,0.0015201917604840964,31.0,103.0,0.1391152443397909,114.50038138825325,-68.31471698113205,0.1391152443397909
sub-034,0.4,0.1391152443397909,0.1316444159716155,0.007470828368175392,41.0,103.0,0.1391152443397909,114.50038138825325,-68.31471698113205,0.1391152443397909
sub-034,0.5,0.1391152443397909,0.1323932406704172,0.0067220036693736995,52.0,103.0,0.1391152443397909,114.50038138825325,-68.31471698113205,0.1391152443397909
sub-034,0.6,0.1391152443397909,0.1325322502614649,0.006582994078325993,62.0,103.0,0.1391152443397909,114.50038138825325,-68.31471698113205,0.1391152443397909
sub-034,0.7,0.1391152443397909,0.1330213551246091,0.00609388921518178,72.0,103.0,0.1391152443397909,114.50038138825325,-68.31471698113205,0.1391152443397909
sub-034,0.8,0.1391152443397909,0.1291109077397742,0.010004336600016678,82.0,103.0,0.1391152443397909,114.50038138825325,-68.31471698113205,0.1391152443397909
sub-034,0.9,0.1391152443397909,0.1289627270235308,0.010152517316260101,93.0,103.0,0.1391152443397909,114.50038138825325,-68.31471698113205,0.1391152443397909
sub-034,1.0,0.1391152443397909,0.1292887739026632,0.009826470437127699,103.0,103.0,0.1391152443397909,114.50038138825325,-68.31471698113205,0.1391152443397909
sub-035,0.0,0.1306927200880167,0.1308759212193291,-0.00018320113131239935,0.0,103.0,0.1306927200880167,67.22569027611044,34.0548219287715,0.1306927200880167
sub-035,0.1,0.1306927200880167,0.1294470971245966,0.0012456229634200955,10.0,103.0,0.1306927200880167,67.22569027611044,34.0548219287715,0.1306927200880167
sub-035,0.2,0.1306927200880167,0.1302300861446472,0.0004626339433694837,21.0,103.0,0.1306927200880167,67.22569027611044,34.0548219287715,0.1306927200880167
sub-035,0.3,0.1306927200880167,0.1308384557167305,-0.00014573562871381118,31.0,103.0,0.1306927200880167,67.22569027611044,34.0548219287715,0.1306927200880167
sub-035,0.4,0.1306927200880167,0.1253257502948626,0.005366969793154097,41.0,103.0,0.1306927200880167,67.22569027611044,34.0548219287715,0.1306927200880167
sub-035,0.5,0.1306927200880167,0.1219830079819266,0.00870971210609009,52.0,103.0,0.1306927200880167,67.22569027611044,34.0548219287715,0.1306927200880167
sub-035,0.6,0.1306927200880167,0.1183860384935559,0.012306681594460786,62.0,103.0,0.1306927200880167,67.22569027611044,34.0548219287715,0.1306927200880167
sub-035,0.7,0.1306927200880167,0.1167315927481144,0.01396112733990229,72.0,103.0,0.1306927200880167,67.22569027611044,34.0548219287715,0.1306927200880167
sub-035,0.8,0.1306927200880167,0.1188208702458081,0.011871849842208584,82.0,103.0,0.1306927200880167,67.22569027611044,34.0548219287715,0.1306927200880167
sub-035,0.9,0.1306927200880167,0.1222118002526679,0.008480919835348794,93.0,103.0,0.1306927200880167,67.22569027611044,34.0548219287715,0.1306927200880167
sub-035,1.0,0.1306927200880167,0.1223141095495973,0.008378610538419387,103.0,103.0,0.1306927200880167,67.22569027611044,34.0548219287715,0.1306927200880167
sub-036,0.0,0.1353067681824868,0.1354335385839336,-0.00012677040144679075,0.0,103.0,0.1353067681824868,141.3221415607985,131.56386198547216,0.1353067681824868
sub-036,0.1,0.1353067681824868,0.1339874177387348,0.0013193504437520043,10.0,103.0,0.1353067681824868,141.3221415607985,131.56386198547216,0.1353067681824868
sub-036,0.2,0.1353067681824868,0.1314830747067134,0.00382369347577341,21.0,103.0,0.1353067681824868,141.3221415607985,131.56386198547216,0.1353067681824868
sub-036,0.3,0.1353067681824868,0.1277361196230231,0.007570648559463711,31.0,103.0,0.1353067681824868,141.3221415607985,131.56386198547216,0.1353067681824868
sub-036,0.4,0.1353067681824868,0.1186424749637555,0.016664293218731294,41.0,103.0,0.1353067681824868,141.3221415607985,131.56386198547216,0.1353067681824868
sub-036,0.5,0.1353067681824868,0.1196313943888468,0.015675373793639993,52.0,103.0,0.1353067681824868,141.3221415607985,131.56386198547216,0.1353067681824868
sub-036,0.6,0.1353067681824868,0.120263145014503,0.0150436231679838,62.0,103.0,0.1353067681824868,141.3221415607985,131.56386198547216,0.1353067681824868
sub-036,0.7,0.1353067681824868,0.1213206635598936,0.013986104622593198,72.0,103.0,0.1353067681824868,141.3221415607985,131.56386198547216,0.1353067681824868
sub-036,0.8,0.1353067681824868,0.1230485472767651,0.012258220905721692,82.0,103.0,0.1353067681824868,141.3221415607985,131.56386198547216,0.1353067681824868
sub-036,0.9,0.1353067681824868,0.1243627354051378,0.010944032777348997,93.0,103.0,0.1353067681824868,141.3221415607985,131.56386198547216,0.1353067681824868
sub-036,1.0,0.1353067681824868,0.1244443867675317,0.010862381414955102,103.0,103.0,0.1353067681824868,141.3221415607985,131.56386198547216,0.1353067681824868
sub-037,0.0,0.1366092379546929,0.1369339673806242,-0.00032472942593128606,0.0,103.0,0.1366092379546929,341.3202380952381,139.81038647342996,0.1366092379546929
sub-037,0.1,0.1366092379546929,0.1368827916258823,-0.00027355367118939156,10.0,103.0,0.1366092379546929,341.3202380952381,139.81038647342996,0.1366092379546929
sub-037,0.2,0.1366092379546929,0.1386599010476456,-0.002050663092952709,21.0,103.0,0.1366092379546929,341.3202380952381,139.81038647342996,0.1366092379546929
sub-037,0.3,0.1366092379546929,0.1381438404801415,-0.0015346025254485973,31.0,103.0,0.1366092379546929,341.3202380952381,139.81038647342996,0.1366092379546929
sub-037,0.4,0.1366092379546929,0.1380172630001305,-0.0014080250454376053,41.0,103.0,0.1366092379546929,341.3202380952381,139.81038647342996,0.1366092379546929
sub-037,0.5,0.1366092379546929,0.1380617363362294,-0.0014524983815364934,52.0,103.0,0.1366092379546929,341.3202380952381,139.81038647342996,0.1366092379546929
sub-037,0.6,0.1366092379546929,0.1394534541496597,-0.0028442161949668032,62.0,103.0,0.1366092379546929,341.3202380952381,139.81038647342996,0.1366092379546929
sub-037,0.7,0.1366092379546929,0.1382894479775585,-0.0016802100228655859,72.0,103.0,0.1366092379546929,341.3202380952381,139.81038647342996,0.1366092379546929
sub-037,0.8,0.1366092379546929,0.1356991473505333,0.0009100906041596135,82.0,103.0,0.1366092379546929,341.3202380952381,139.81038647342996,0.1366092379546929
sub-037,0.9,0.1366092379546929,0.1373856908093108,-0.0007764528546178873,93.0,103.0,0.1366092379546929,341.3202380952381,139.81038647342996,0.1366092379546929
sub-037,1.0,0.1366092379546929,0.1336624811355716,0.0029467568191212934,103.0,103.0,0.1366092379546929,341.3202380952381,139.81038647342996,0.1366092379546929
sub-038,0.0,0.1395644946724866,0.1395697392707238,-5.244598237197362e-06,0.0,103.0,0.1395644946724866,101.29561403508772,32.12711864406779,0.1395644946724866
sub-038,0.1,0.1395644946724866,0.1397494553756524,-0.0001849607031657874,10.0,103.0,0.1395644946724866,101.29561403508772,32.12711864406779,0.1395644946724866
sub-038,0.2,0.1395644946724866,0.1418334282693716,-0.0022689335968849866,21.0,103.0,0.1395644946724866,101.29561403508772,32.12711864406779,0.1395644946724866
sub-038,0.3,0.1395644946724866,0.1422530541712118,-0.002688559498725207,31.0,103.0,0.1395644946724866,101.29561403508772,32.12711864406779,0.1395644946724866
sub-038,0.4,0.1395644946724866,0.1439286261198323,-0.004364131447345682,41.0,103.0,0.1395644946724866,101.29561403508772,32.12711864406779,0.1395644946724866
sub-038,0.5,0.1395644946724866,0.1440620779966616,-0.004497583324174992,52.0,103.0,0.1395644946724866,101.29561403508772,32.12711864406779,0.1395644946724866
sub-038,0.6,0.1395644946724866,0.1438330451222967,-0.004268550449810088,62.0,103.0,0.1395644946724866,101.29561403508772,32.12711864406779,0.1395644946724866
sub-038,0.7,0.1395644946724866,0.144196592573141,-0.004632097900654386,72.0,103.0,0.1395644946724866,101.29561403508772,32.12711864406779,0.1395644946724866
sub-038,0.8,0.1395644946724866,0.1400151908015324,-0.00045069612904580225,82.0,103.0,0.1395644946724866,101.29561403508772,32.12711864406779,0.1395644946724866
sub-038,0.9,0.1395644946724866,0.1361817325513105,0.0033827621211761083,93.0,103.0,0.1395644946724866,101.29561403508772,32.12711864406779,0.1395644946724866
sub-038,1.0,0.1395644946724866,0.1325311242423684,0.007033370430118202,103.0,103.0,0.1395644946724866,101.29561403508772,32.12711864406779,0.1395644946724866
sub-039,0.0,0.1442555713647799,0.1442532917027493,2.2796620305909343e-06,0.0,103.0,0.1442555713647799,-33.01711229946525,23.289483065953647,0.1442555713647799
sub-039,0.1,0.1442555713647799,0.1452277808130224,-0.0009722094482425003,10.0,103.0,0.1442555713647799,-33.01711229946525,23.289483065953647,0.1442555713647799
sub-039,0.2,0.1442555713647799,0.1445327036040649,-0.000277132239284994,21.0,103.0,0.1442555713647799,-33.01711229946525,23.289483065953647,0.1442555713647799
sub-039,0.3,0.1442555713647799,0.1450475471768219,-0.0007919758120419895,31.0,103.0,0.1442555713647799,-33.01711229946525,23.289483065953647,0.1442555713647799
sub-039,0.4,0.1442555713647799,0.1436170904361189,0.000638480928661006,41.0,103.0,0.1442555713647799,-33.01711229946525,23.289483065953647,0.1442555713647799
sub-039,0.5,0.1442555713647799,0.1413446783560908,0.0029108930086891027,52.0,103.0,0.1442555713647799,-33.01711229946525,23.289483065953647,0.1442555713647799
sub-039,0.6,0.1442555713647799,0.1395021852956992,0.004753386069080712,62.0,103.0,0.1442555713647799,-33.01711229946525,23.289483065953647,0.1442555713647799
sub-039,0.7,0.1442555713647799,0.1356847937645602,0.008570777600219709,72.0,103.0,0.1442555713647799,-33.01711229946525,23.289483065953647,0.1442555713647799
sub-039,0.8,0.1442555713647799,0.1301541650900424,0.014101406274737494,82.0,103.0,0.1442555713647799,-33.01711229946525,23.289483065953647,0.1442555713647799
sub-039,0.9,0.1442555713647799,0.1288612033757768,0.015394367989003094,93.0,103.0,0.1442555713647799,-33.01711229946525,23.289483065953647,0.1442555713647799
sub-039,1.0,0.1442555713647799,0.1292692803366263,0.014986291028153603,103.0,103.0,0.1442555713647799,-33.01711229946525,23.289483065953647,0.1442555713647799
sub-040,0.0,0.124471085076008,0.1248137700859016,-0.0003426850098935952,0.0,103.0,0.124471085076008,132.6602870813397,88.28899521531102,0.124471085076008
sub-040,0.1,0.124471085076008,0.123416444806112,0.001054640269896004,10.0,103.0,0.124471085076008,132.6602870813397,88.28899521531102,0.124471085076008
sub-040,0.2,0.124471085076008,0.1238543431027633,0.0006167419732446972,21.0,103.0,0.124471085076008,132.6602870813397,88.28899521531102,0.124471085076008
sub-040,0.3,0.124471085076008,0.1208889290905786,0.0035821559854293944,31.0,103.0,0.124471085076008,132.6602870813397,88.28899521531102,0.124471085076008
sub-040,0.4,0.124471085076008,0.1211065289802291,0.0033645560957789034,41.0,103.0,0.124471085076008,132.6602870813397,88.28899521531102,0.124471085076008
sub-040,0.5,0.124471085076008,0.1209135193118663,0.003557565764141707,52.0,103.0,0.124471085076008,132.6602870813397,88.28899521531102,0.124471085076008
sub-040,0.6,0.124471085076008,0.121284313802135,0.0031867712738729986,62.0,103.0,0.124471085076008,132.6602870813397,88.28899521531102,0.124471085076008
sub-040,0.7,0.124471085076008,0.1205377290646762,0.003933356011331796,72.0,103.0,0.124471085076008,132.6602870813397,88.28899521531102,0.124471085076008
sub-040,0.8,0.124471085076008,0.1214391490037641,0.0030319360722439043,82.0,103.0,0.124471085076008,132.6602870813397,88.28899521531102,0.124471085076008
sub-040,0.9,0.124471085076008,0.1194984327582491,0.004972652317758897,93.0,103.0,0.124471085076008,132.6602870813397,88.28899521531102,0.124471085076008
sub-040,1.0,0.124471085076008,0.1182315731225167,0.006239511953491303,103.0,103.0,0.124471085076008,132.6602870813397,88.28899521531102,0.124471085076008
sub-041,0.0,0.1430436374058868,0.1428996689714031,0.00014396843448369334,0.0,103.0,0.1430436374058868,-28.6000716075904,114.19251336898392,0.1430436374058868
sub-041,0.1,0.1430436374058868,0.141389165642022,0.0016544717638647954,10.0,103.0,0.1430436374058868,-28.6000716075904,114.19251336898392,0.1430436374058868
sub-041,0.2,0.1430436374058868,0.1386505187945507,0.004393118611336094,21.0,103.0,0.1430436374058868,-28.6000716075904,114.19251336898392,0.1430436374058868
sub-041,0.3,0.1430436374058868,0.131282539662466,0.011761097743420795,31.0,103.0,0.1430436374058868,-28.6000716075904,114.19251336898392,0.1430436374058868
sub-041,0.4,0.1430436374058868,0.1287265109216623,0.014317126484224507,41.0,103.0,0.1430436374058868,-28.6000716075904,114.19251336898392,0.1430436374058868
sub-041,0.5,0.1430436374058868,0.128297735727957,0.014745901677929801,52.0,103.0,0.1430436374058868,-28.6000716075904,114.19251336898392,0.1430436374058868
sub-041,0.6,0.1430436374058868,0.1284502283663973,0.014593409039489497,62.0,103.0,0.1430436374058868,-28.6000716075904,114.19251336898392,0.1430436374058868
sub-041,0.7,0.1430436374058868,0.1285441250491367,0.014499512356750094,72.0,103.0,0.1430436374058868,-28.6000716075904,114.19251336898392,0.1430436374058868
sub-041,0.8,0.1430436374058868,0.1289511163440513,0.014092521061835506,82.0,103.0,0.1430436374058868,-28.6000716075904,114.19251336898392,0.1430436374058868
sub-041,0.9,0.1430436374058868,0.1291542652063204,0.013889372199566402,93.0,103.0,0.1430436374058868,-28.6000716075904,114.19251336898392,0.1430436374058868
sub-041,1.0,0.1430436374058868,0.1291070296776947,0.013936607728192107,103.0,103.0,0.1430436374058868,-28.6000716075904,114.19251336898392,0.1430436374058868
sub-042,0.0,0.1245539317711566,0.1271500914721386,-0.0025961597009819953,0.0,103.0,0.1245539317711566,166.20199778024417,19.76322604513507,0.1245539317711566
sub-042,0.1,0.1245539317711566,0.1262040864534927,-0.0016501546823361052,10.0,103.0,0.1245539317711566,166.20199778024417,19.76322604513507,0.1245539317711566
sub-042,0.2,0.1245539317711566,0.1303433623258794,-0.005789430554722794,21.0,103.0,0.1245539317711566,166.20199778024417,19.76322604513507,0.1245539317711566
sub-042,0.3,0.1245539317711566,0.1268144066940254,-0.0022604749228688076,31.0,103.0,0.1245539317711566,166.20199778024417,19.76322604513507,0.1245539317711566
sub-042,0.4,0.1245539317711566,0.1265739224568504,-0.0020199906856937927,41.0,103.0,0.1245539317711566,166.20199778024417,19.76322604513507,0.1245539317711566
sub-042,0.5,0.1245539317711566,0.1298699088676764,-0.0053159770965198055,52.0,103.0,0.1245539317711566,166.20199778024417,19.76322604513507,0.1245539317711566
sub-042,0.6,0.1245539317711566,0.1307910280215254,-0.006237096250368793,62.0,103.0,0.1245539317711566,166.20199778024417,19.76322604513507,0.1245539317711566
sub-042,0.7,0.1245539317711566,0.1318729834103485,-0.007319051639191901,72.0,103.0,0.1245539317711566,166.20199778024417,19.76322604513507,0.1245539317711566
sub-042,0.8,0.1245539317711566,0.1320062683099255,-0.007452336538768908,82.0,103.0,0.1245539317711566,166.20199778024417,19.76322604513507,0.1245539317711566
sub-042,0.9,0.1245539317711566,0.1323397227385629,-0.007785790967406295,93.0,103.0,0.1245539317711566,166.20199778024417,19.76322604513507,0.1245539317711566
sub-042,1.0,0.1245539317711566,0.1319867213750531,-0.0074327896038964975,103.0,103.0,0.1245539317711566,166.20199778024417,19.76322604513507,0.1245539317711566
sub-043,0.0,0.1286191978387461,0.1296723382972815,-0.001053140458535412,0.0,103.0,0.1286191978387461,421.41379310344826,112.8378136200717,0.1286191978387461
sub-043,0.1,0.1286191978387461,0.1274516548621565,0.0011675429765895806,10.0,103.0,0.1286191978387461,421.41379310344826,112.8378136200717,0.1286191978387461
sub-043,0.2,0.1286191978387461,0.1268359550625868,0.001783242776159294,21.0,103.0,0.1286191978387461,421.41379310344826,112.8378136200717,0.1286191978387461
sub-043,0.3,0.1286191978387461,0.1255317154767769,0.0030874823619691794,31.0,103.0,0.1286191978387461,421.41379310344826,112.8378136200717,0.1286191978387461
sub-043,0.4,0.1286191978387461,0.1247178328931138,0.003901364945632285,41.0,103.0,0.1286191978387461,421.41379310344826,112.8378136200717,0.1286191978387461
sub-043,0.5,0.1286191978387461,0.1229193747412394,0.00569982309750669,52.0,103.0,0.1286191978387461,421.41379310344826,112.8378136200717,0.1286191978387461
sub-043,0.6,0.1286191978387461,0.1242973025147776,0.004321895323968497,62.0,103.0,0.1286191978387461,421.41379310344826,112.8378136200717,0.1286191978387461
sub-043,0.7,0.1286191978387461,0.1259219250229628,0.0026972728157833026,72.0,103.0,0.1286191978387461,421.41379310344826,112.8378136200717,0.1286191978387461
sub-043,0.8,0.1286191978387461,0.1265277347406262,0.002091463098119889,82.0,103.0,0.1286191978387461,421.41379310344826,112.8378136200717,0.1286191978387461
sub-043,0.9,0.1286191978387461,0.1276041442538908,0.001015053584855291,93.0,103.0,0.1286191978387461,421.41379310344826,112.8378136200717,0.1286191978387461
sub-043,1.0,0.1286191978387461,0.1272580119153871,0.0013611859233589874,103.0,103.0,0.1286191978387461,421.41379310344826,112.8378136200717,0.1286191978387461
